,Australia,,https://hddn01.skylinewebcams.com/live.m3u8?a=bh0l1il79ul4fpi746did5ujc7,490c0ffb73834be2af5ed84c880d5148,HTTP,https://www.skylinewebcams.com/en/webcam/australia/new-south-wales/sydney/rose-bay-sydney.html,Beach,
Adelaide,Australia,,https://usa302.extcam.com/hls/playlist.m3u8?hlsId=edb6dd84611c409d8b2134d5be443b94_200001213429_0&token=3701d01a27959111065f57bb059bf536,b4c8cac31b4a4859ac5b5a483398f0fb,HTTP,https://www.webcamtaxi.com/en/australia/south-australia/moana-beach.html,Beach,
Melboune,Australia,,https://www.youtube.com/watch?v=EpvIAopAYbw&list=PLwygboCFkeeA2w1fzJm44swdG-NnyB6ip&index=34,h092zALqYg,,,Traffic,
Innsbruck,Austria,,https://www.youtube.com/watch?v=0nhJrkCgbbo&list=PLwygboCFkeeA2w1fzJm44swdG-NnyB6ip&index=167,a7XIiHtjic,,,Traffic,
Natal,Brazil,,https://www.whatsupcams.com/en/webcams/brazil/rio-grande-do-norte/natal/ponta-negra-beach-natal/,39c3fddb8b3848aa9ad2a5e8df05a6fa,HTTP,,beach,
White Bay,British Virgin Islands,,https://www.youtube.com/watch?v=LXWVYoBluT4&list=PLwygboCFkeeA2w1fzJm44swdG-NnyB6ip&index=147,1mZKo5JXaH,,,beach,
Mandalay,Burma,,https://www.mylivestreams.com/webcams/burma-live-streaming-video-webcams/10093.html,7449fcf3355245b0b7649eec3c0755db,HTTP,,Street,"Multiple cams, all Street"
Ottawa,Canada,,http://67.69.107.188/view/viewer_index.shtml?id=34083,8762c922dda64126b21515a36d2db0c2,IP,,Traffic,
Ottawa,Canada,,https://www.webcamgalore.com/webcam/Canada/Ottawa/117.html,5efe7ce2a8a24d70a3df0c18cbe6e50a,HTTP,,Street,Landmark
Ottawa,Canada,,https://www.tpsgc-pwgsc.gc.ca/citeparlementaire-parliamentaryprecinct/camera-eng.html,063c48cadc564015aaa76ae486297c7d,HTTP,,Street,Landmark
Banff,Canada,,https://www.youtube.com/watch?v=MUS9EEtMV_c,C07iR0tx2u,,,Traffic,
Calgary,Canada,,https://www.youtube.com/watch?v=iGxFLjqhkSA&list=PLwygboCFkeeA2w1fzJm44swdG-NnyB6ip&index=139,NVQeFb5cSx,,,Traffic,
Calgary,Canada,,https://www.youtube.com/watch?v=WOn7m0_aYBw&list=PLwygboCFkeeA2w1fzJm44swdG-NnyB6ip&index=159,rX5TZYyhiS,,,street,
"mprovement District No. 9, AB,",Canada,,https://www.youtube.com/watch?v=oT4s0SlQ89E&list=PLwygboCFkeeA2w1fzJm44swdG-NnyB6ip&index=163,dwwo3JmWn9,,,Traffic,
"Revelstoke, British Columbia, ",Canada,,https://www.youtube.com/watch?v=FEfNcfkfobA&list=PLwygboCFkeeA2w1fzJm44swdG-NnyB6ip&index=199,cau3IqldXR,,,Traffic,
"Canmore, Alberta",Canada,,https://www.youtube.com/watch?v=hORCPr-jWhk&list=PLwygboCFkeeA2w1fzJm44swdG-NnyB6ip&index=200,G5EGjg6JO7,,,Street,
Wuhan,China,,https://www.youtube.com/watch?v=WOxw55CBwL4,bbccdba199b541888379acbec989571e,HTTP,,Street,Hospital inside
Sichuan,China,,"https://www.windy.com/-Webcams/China/Sichuan/Shiban-tan/Chengdu/webcams/1579778267?34.053,103.491,5",19188561705e450da57fb38cef6c5381,HTTP,,Traffic,
,China,,http://www.dsat.gov.mo/dsat/realtime.aspx,9cde3cb1c5464de9b44600fc4cad3ddf,HTTP,,Traffic,
Macau,China,,http://www.puiching.edu.mo/webcam/index.html,2018f5ae4a874a97862528431834873a,HTTP,,Street,
Beijing,China,,https://www.webcamgalore.com/webcam/China/Beijing/28626.html,66a211f0116344ff9fe4fb495399f2e0,HTTP,,Street,
Beijing,China,,https://www.webcamgalore.com/webcam/China/Beijing/28622.html,ec74e2b8dd004ffaa509613ad0c35dc2,HTTP,,Street,Skyline
Beijing,China,,https://www.webcamgalore.com/webcam/China/Beijing/33437.html,b77f13af1e434fdbb3e7ca60b0ee4771,HTTP,,Street,
Sichuan,China,,"https://www.windy.com/-Webcams/China/Sichuan/Shiban-tan/Chengdu/webcams/1579778267?34.053,103.491,5",40dd54cc96cf42d09a6f0882daed8172,HTTP,,Street,Duplicate of camera at line 17
Wuhan,China,,https://www.youtube.com/watch?v=Tf-4zQADLS8,d99ab450e8c54be197c1c563ac5c5af6,HTTP,,Street,
Hong Kong,China,,https://www.webcamgalore.com/webcam/China/Hong-Kong/11062.html,c15f7d742614409298f9197601b56c5c,HTTP,,Traffic,
Hong Kong,China,,"https://www.windy.com/-Webcams/China/Hong-Kong/Downtown-live-webcam-in/webcams/1179240123?22.675,107.095,5",3a61b693e0f04092b22a977a34a88c03,HTTP,,Street,Skyline
,China,,https://www.youtube.com/watch?v=WOxw55CBwL4,ad5ff1dab5e148a9bbd16b36fe770844,HTTP,,Street,Hospital 
Datong,China,,https://www.webcamgalore.com/webcam/China/Datong/28631.html,49282c81f7f945a6aef2211116aa6adf,HTTP,,Street,
,China,,http://www.onedir.com/cam3.htm,180317aa5c9b46d4a1b0e016a7643091,HTTP,,,
Shanghai,China,,http://www.mylivestreams.com/webcam/live-shanghai-city-downtown-video-streaming-camera-china/10358.html,632f4f6f2ed1468ab48ecf34977336eb,HTTP,,,
Qinhuangdao,China,,https://worldcam.eu/webcams/asia/china/17259-qinhuangdao-shanhaiguan,7c4e881cac7b48f79c2cfaa9eae0bc57,HTTP,,Street,Landmark
Hengyang,China,,https://www.weatherbug.com/traffic-cam/hengyang-hunan-ch,5ad80ca3f5494df6accbb9cf1d3209d2,HTTP,,Traffic,
Taizhou Jiangsu,China,,https://www.geocam.ru/en/in/jiangsu/,18a8a0acb00b4479aea26f91d1624a7b,HTTP,,Traffic,"Multiple cams, all Traffic"
,China,,https://www.youtube.com/watch?v=cqjaUAloHzQ&list=PLwygboCFkeeA2w1fzJm44swdG-NnyB6ip&index=211,mczvBWW8NZ,,,Traffic,
City,Country,Image URL,Video URL,ID,Type (IP or HTTP),Link,"Type (Traffic, Street, Beach, Airport)",Specific
Copenhagen,Denmark,,https://www.webcamtaxi.com/en/denmark/capital-region-of-denmark/copenhagen-city-centre.html,d7767ee1bf384cba8368a9c71f1f7eb6,HTTP,,Street,
Copenhagen,Denmark,,https://www.webcamtaxi.com/en/denmark/capital-region-of-denmark/copenhagen-city-centre.html,f3c8ed76057e478599c8f19076ca063c,HTTP,,DUPLICATE CAM,
Copenhagen,Denmark,,https://www.webcamtaxi.com/en/denmark/capital-region-of-denmark/copenhagen-city-centre.html,5ef9d4ec1dfb4f8e883452afd6eb1e70,HTTP,,DUPLICATE CAM,
Copenhagen,Denmark,,https://www.webcamtaxi.com/en/denmark/capital-region-of-denmark/copenhagen-city-centre.html,61531da7f1d741c9b44ddcb5846c3829,HTTP,,DUPLICATE CAM,
Helsinki,Finland,,https://www.webcamtaxi.com/en/finland/uusimaa/helsinki-erottaja-square.html,5fdd874a6b1043f492a5ce8a2a4f20f4,HTTP,,Street,
IISALMI,Finland,,https://www.youtube.com/watch?v=2V-9PMsPotk&list=PLwygboCFkeeA2w1fzJm44swdG-NnyB6ip&index=77,blaLU7GdQQ,,,Street,
Clearwater beach,Florida,,https://www.youtube.com/watch?v=fa7wCF6JL1w,Sm7vwNhHoV,,,Beach,
Paris,France,,https://www.youtube.com/watch?v=Z4WCC0KWgM4&feature=emb_logo,7dd48fb82b39439e97cbb54fd4cf77d1,HTTP,,Street ,Restraunt
Paris,France,,https://www.youtube.com/watch?v=mGvdEFpwWsI&feature=emb_logo,03fba27c81ca4b8ca022561cb1ba731a,HTTP,,Street ,Landmark
Munich,Germany,,https://camteria.com/en/germany/munich/marienplatz_cam_4018,4cc08be96f3f4938b35e41cfe8bfbc2b,HTTP,,Street ,Restraunt inside
Munich,Germany,,https://camteria.com/en/germany/munich/marienplatz_cam_4018,5f5aeeea1310441780740aaf31a5e756,HTTP,,DUPLICATE CAM,
Hamburg,Germany,,https://www.youtube.com/watch?v=EXikUQLRJm4&list=PLwygboCFkeeA2w1fzJm44swdG-NnyB6ip&index=204,dwiUNVbDi6,,,Traffic,
Tegucigalpa,Honduras,,https://www.skylinewebcams.com/en/webcam/honduras.html,4ba299caf59b4c1b9374c9358805b7f1,HTTP,,beach,"Multiple cams, all beaches/bayfronts"
Delhi,India,,http://103.205.146.16/webcapture.jpg?command=snap&channel=1?1584543126#.XnI1g8DPFNs.link,e4af2890b51245dab7737bd17c3ae0fb,IP,,Street,
Delhi,India,,http://www.camvista.com/asia/india/new-delhi/traffic-cam.php,83a78e422fb94b3c909c9dae215f8c19,HTTP,,Traffic,
Mathura,India,,"https://www.windy.com/-Webcams/India/Uttar-Pradesh/Mathura/Vrindavan-Temple/webcams/1503699073?3.513,56.777,4",15501e265d3449d5b2a68162a6dafc5c,HTTP,,Street ,Place of Worship
Haridhwar,India,,https://www.youtube.com/watch?v=4hScXCVm-cw,88bea6b04be64da0adc1ab8fc4f81443,HTTP,https://www.webcamtaxi.com/en/india/uttarakhand/shantikunj-gayatri-pariwar-haridwar.html,Street ,Place of Worship
Delhi,India,,https://www.youtube.com/watch?v=k-IwplSPNTE,3fd29a3de1294ca48bb21c3d322e0024,HTTP,https://www.webcamtaxi.com/en/india/delhi/iskcon-temple.html,Street ,Place of Worship
Tiruppur,India,,https://www.weatherbug.com/weather-camera/tiruppur-tamil-nadu-in,66cdb8e2808c4c72a474ca791f3fe5a8,HTTP,,beach,
,Indonesia,,"https://www.windy.com/-Webcams/Indonesia/Jakarta-Special-Capital-Region/RW-01/Gunung-Sahari-Ps-Baru-Jakarta-Pusat/webcams/1302163429?-0.088,102.129,5",4c5e226157804baab0221f5db78139b7,HTTP,,Traffic,
Dublin,Ireland,,https://video2archives.earthcam.com/archives/_definst_/MP4:permanent/14320/2018/03/15/1300.mp4/chunklist_w1567402773.m3u8?__fvd__,5da45351e7884bbba72b2d0bf9acbaed,HTTP,https://www.earthcam.com/world/ireland/dublin/?cam=dublinpub,Street ,Restraunt inside
Dublin,Ireland,,https://d3o4twxzdiwvsf.cloudfront.net/fecnetwork/4054.flv/chunklist.m3u8,e23f3edcae644793a90a2b0a644441fc,HTTP,https://www.earthcam.com/world/ireland/dublin/?cam=templebar,Street,
Dublin,Ireland,,https://d3o4twxzdiwvsf.cloudfront.net/fecnetwork/4054.flv/chunklist.m3u8,81c3b24a1fc04f5bab63453217dd5d92,HTTP,https://www.earthcam.com/world/ireland/dublin/?cam=templebar,Street,DUPLICATE CAM
Dublin,Ireland,,https://www.earthcam.com/world/ireland/dublin/?cam=templebar,e159e5b5c2cd4084895bdd54633961b6,HTTP,,DUPLICATE CAM,
,Ireland,,https://www.youtube.com/watch?v=MXqKk4WEhsE&list=PLwygboCFkeeA2w1fzJm44swdG-NnyB6ip&index=194,NoKD6TJalI,,,Traffic,
,Isreal,,https://hddn01.skylinewebcams.com/live.m3u8?a=bh0l1il79ul4fpi746did5ujc7,57085e07519546bebec7ad36f66beeac,HTTP,https://www.skylinewebcams.com/en/webcam/israel/jerusalem-district/jerusalem/western-wall.html,Street ,Place of Worship/landmark
"Montefalco, Umbria",Italia,,https://www.youtube.com/watch?v=UklD1Cxcox8&list=PLwygboCFkeeA2w1fzJm44swdG-NnyB6ip&index=123,fErWwjjIAu,,,Street,
Rome,Italy,,https://hddn01.skylinewebcams.com/live.m3u8?a=bh0l1il79ul4fpi746did5ujc7,eeb04277cc5447c7811564b15cb922d1,HTTP,https://www.skylinewebcams.com/en/webcam/italia/lazio/roma/roma-colosseo.html,Street,Park/resort
Rome,Italy,,https://hddn01.skylinewebcams.com/live.m3u8?a=bh0l1il79ul4fpi746did5ujc7,72e1a6e02d964c26b8462dbc6e5b30ec,HTTP,https://www.skylinewebcams.com/en/webcam/italia/lazio/roma/piazza-di-spagna.html,Street,Park/resort
Venice ,Italy,,https://hddn01.skylinewebcams.com/live.m3u8?a=bh0l1il79ul4fpi746did5ujc7,855241152bbd467390d29dd01bd43a34,HTTP,https://www.skylinewebcams.com/en/webcam/italia/veneto/venezia/piazza-san-marco.html,Street,Landmark
Rome,Italy,,https://hddn01.skylinewebcams.com/live.m3u8?a=bh0l1il79ul4fpi746did5ujc7,2ad47b620edc4127bc8bd3cc4ca62f2c,HTTP,https://www.skylinewebcams.com/en/webcam/italia/lazio/roma/piazza-di-spagna.html,Street,Landmark
Venice,Italy,,https://www.youtube.com/watch?v=BPXtn15_9qo,GHLCJA4FlL,,,Traffic,
Venice,Italy,,https://www.youtube.com/watch?v=JqUREqYduHw,c8VPhvJKyf,,,Traffic,
Lignano Sabbiadoro,Italy,,https://www.youtube.com/watch?v=DZWPuEin770,XQav0qaZkI,,,Beach,
Venice,Italy,,https://www.youtube.com/watch?v=GgLRWs8OyMs,U7REmkvwZs,,,Traffic,
Umbria,Italy,,https://www.youtube.com/watch?v=SOswzz5m6MQ,OOVC0OMXTn,,,Street,
Venice,Italy,,https://www.youtube.com/watch?v=WjOGhNDX51M&list=PLwygboCFkeeA2w1fzJm44swdG-NnyB6ip&index=5,19agngybbc,,,Street,
Norcia,Italy,,https://www.youtube.com/watch?v=C78daVqDpB8&list=PLwygboCFkeeA2w1fzJm44swdG-NnyB6ip&index=9,xtb36vnug8,,,Street,
Geiranger,italy,,https://www.youtube.com/watch?v=yMSc-qqW3To&list=PLwygboCFkeeA2w1fzJm44swdG-NnyB6ip&index=42,Zh2w6AthNr,,,Street,
Vatican City,Italy,,https://www.youtube.com/watch?v=5YceQ8YqYMc&list=PLwygboCFkeeA2w1fzJm44swdG-NnyB6ip&index=198,wqMHCSmnZJ,,,beach,
,Japan,,"https://www.windy.com/-Webcams/Japan/Gunma-Prefecture/Tone-District/gunma%22-%22minakami/webcams/1299393087?30.069,96.416,4",7a4783590fff4ef0b077c942fc9945b4,HTTP,,Traffic,
,Japan,,"https://www.windy.com/-Webcams/Japan/Iwate-Prefecture/Hachimantai/Iwate-Matsuo/webcams/1350076213?30.069,96.416,4",5f008a96d7d64e6982d7765163c203cb,HTTP,,Street,Park/Resort
,Japan,,"https://www.windy.com/-Webcams/Japan/Kagoshima-Prefecture/Kagoshima/カゴシマシ-鹿児島県-日本/webcams/1529057478?30.069,96.416,4",ad5bf375864d4d529befb10c6e08c063,HTTP,,Street,
,Japan,,"https://www.windy.com/-Webcams/Japan/Okinawa-Prefecture/Okinawa/沖縄-沖縄県-日本/webcams/1526183404?30.069,96.416,4",1a1b81193f8f40edb02efbb147b0cc1c,HTTP,,Street,Skyline
,Japan,,"https://www.windy.com/-Webcams/Russia/Sakhalin-Oblast/Yuzhno-Kurilsk/https://camera-rt-ru/sl/GqHhLGnXB/webcams/1565913452?30.069,96.416,4",889c5cfac7284c4dbac569ae36af73a0,HTTP,,Street,Park/Resort
Tokyo,Japan,,"https://www.windy.com/-Webcams/Japan/Tokyo/Ogasawara/Chichijima/webcams/1520719027?30.069,96.416,4",80d17b09498145368aa1587b398169c5,HTTP,,Street,Skyline
,Japan,,https://www.youtube.com/watch?v=rYd_GXV9H9k,c4216a1287b84b07a15743f2b7ff5057,HTTP,https://www.youtube.com/watch?v=rYd_GXV9H9k&feature=emb_logo,Street,
,Japan,,https://www.youtube.com/watch?v=yTf2D-uXyCU,79658037a6804d6f9a936389790357ff,HTTP,,Traffic,
,Japan,,https://www.youtube.com/watch?v=0vishEDtgdw,ee156cfffd9e429dbdb71d98e99c441c,HTTP,,Traffic,
,Japan,,https://www.youtube.com/watch?v=sokedD5KQmQ,cb99a969e5f94ff1a273fc1e313959cf,HTTP,,Traffic,
,Japan,,https://www.youtube.com/watch?v=wBfGSBAFv1c,396c4706a4fb4022adc253f84bd58b88,HTTP,,Street,
Fukushima,Japan,,https://www.youtube.com/watch?v=D5xnAmJWKLw,28b51c035c7145998e6f4fc8230a6ae9,HTTP,,Street,Transportation Station
,Japan,,https://www.youtube.com/watch?v=XDzc5u0zvmU,600c592f4bc6448b96e1541609512667,HTTP,,Traffic,
,Japan,,https://www.youtube.com/watch?v=pnQwBH4ZaLY,136131801c6c44e28f18d383404a114e,HTTP,,Removed From Website,
,Japan,,https://www.youtube.com/watch?v=1Dv9RNlshDw,f2c3042d13894f6cbdaeae9d60e8c08d,HTTP,,Street,Skyline
,Japan,,https://www.youtube.com/watch?v=RxBMVijwysg,14981734bc174e2ca48524cc04804daf,HTTP,,Street,Skyline
,Japan,,https://www.youtube.com/watch?v=Bq_RQE7gxBs,81e8ae62d1cd4227ae59b1cfd0a8091d,HTTP,,Traffic,
Hiroshima,Japan,,"https://www.windy.com/-Webcams/Japan/Hiroshima-Prefecture/Naka-Ward/Hiroshima-Peace-Memorial/webcams/1280190930?34.380,119.883,5",66372054b12d409f93000a09c237e1bd,HTTP,,Street,Landmark
,Japan,,https://www.youtube.com/watch?v=R1WtFiiu-uc&list=PLwygboCFkeeA2w1fzJm44swdG-NnyB6ip&index=222,3RtTZZfKW5,,,Traffic,
Kyoto,Japan,,https://www.youtube.com/watch?v=XAqkW_tXAIc&list=PLwygboCFkeeA2w1fzJm44swdG-NnyB6ip&index=238,RrchN3Mz7f,,,Traffic,
,Jordan,,https://hddn01.skylinewebcams.com/live.m3u8?a=bh0l1il79ul4fpi746did5ujc7,7387d67b994440b6ad986f8ba9e93bfa,HTTP,https://www.skylinewebcams.com/en/webcam/jordan/maan/amman/petra-visitor-center.html,Beach,
Monrovia,Liberia,,http://www.camvista.com/webdir/Liberia-Live-Web-Cams/1000762.html,b543711382e74ce2846cd21059878926,HTTP,,,
,Maldives,,https://hddn01.skylinewebcams.com/live.m3u8?a=bh0l1il79ul4fpi746did5ujc7,c55d2ecab95b4ef2883116f3dd118954,HTTP,https://www.skylinewebcams.com/en/webcam/maldives/lhaviyani-atoll/kurendhoo/maldives-kuredu.html,Beach,
,Maldives,,https://hddn01.skylinewebcams.com/live.m3u8?a=bh0l1il79ul4fpi746did5ujc7,53725cea6b3547ac9bdd40e8a18a6d9e,HTTP,https://www.skylinewebcams.com/en/webcam/maldives/lhaviyani-atoll/kurendhoo/kuredu-island.html,Beach,
,Maldives,,https://www.skylinewebcams.com/en/webcam/maldives.html,69ee8ba6628742729f807a8d78704e65,HTTP,,invalid cam,
Valetta,Malta,,https://hddn01.skylinewebcams.com/live.m3u8?a=bh0l1il79ul4fpi746did5ujc7,b5891c802efd41cdb880804ada9d8b2a,HTTP,https://www.skylinewebcams.com/en/webcam/malta/malta/valletta/st-george-square.html,Street,Park/resort
Queretaro,Mexico,,"https://www.windy.com/-Webcams/Mexico/Quer%C3%A9taro/Plaza-de-Armas/webcams/1357253422?20.612,-113.555,5",c845d877c40f4dbc826aa8d3871b56a3,HTTP,,Street,
,Nepal,,https://www.youtube.com/watch?v=S3PGA6PNeiA,79b6c38126a544b79589b094bee5043b,HTTP,,Street,
Amsterdam,Netherlands,,https://www.youtube.com/watch?v=KGEekP1102g,a6WNILesJT,,,Street,
Egmond aan Zee,Netherlands,,https://www.youtube.com/watch?v=L2obWMdThDg&list=PLwygboCFkeeA2w1fzJm44swdG-NnyB6ip&index=103,mfhwck6WWh,,,Traffic,
Noordwijk Boulevard,Netherlands,,https://www.youtube.com/watch?v=8u-QGZvUiiY&list=PLwygboCFkeeA2w1fzJm44swdG-NnyB6ip&index=201&t=0s,QWIJPKykPk,,,Beach,
Noordwijk Boulevard,Netherlands,,https://www.youtube.com/watch?v=T3wIHalVJCs&list=PLwygboCFkeeA2w1fzJm44swdG-NnyB6ip&index=201,ELjHEXg36L,,,Beach,
Holland,Netherlands,,https://www.youtube.com/watch?v=hUxbpx431zk&list=PLwygboCFkeeA2w1fzJm44swdG-NnyB6ip&index=202,LqTi5NuefI,,,Beach,
Cape May,NJ,,https://www.youtube.com/watch?v=CnkO8K8QS98,PzZtXx34gl,,,Beach,
,Norway,,https://www.youtube.com/watch?v=fpWVAZRb0R0&list=PLwygboCFkeeA2w1fzJm44swdG-NnyB6ip&index=227,iTcyHLy1nr,,,Street,
,Philippines,https://videos-3.earthcam.com/fecnetwork/philippinesHD1.flv/chunklist_w376618451.m3u8?__fvd__,https://d3o4twxzdiwvsf.cloudfront.net/fecnetwork/philippinesHD1.flv/chunklist.m3u8,9ab6a69927504c6cbb28c089232a27ac,HTTP,https://www.earthcam.com/world/philippines/boracay/?cam=boracay_hd,Beach,
,Philippines,,https://hddn01.skylinewebcams.com/live.m3u8?a=bh0l1il79ul4fpi746did5ujc7,1b6cc37be0e141ffbb86028e68a03c08,HTTP,https://www.skylinewebcams.com/en/webcam/philippines/boracay-island/malay/bulabog-beach.html,Beach,
,Philippines,,https://hddn01.skylinewebcams.com/live.m3u8?a=bh0l1il79ul4fpi746did5ujc7,91f1d8c7deda4c1d91feb32d9072686c,HTTP,https://www.skylinewebcams.com/en/webcam/philippines/bohol/panglao/panglao-island.html,Beach,
Moscow ,Poland,,https://usa402.extcam.com/hls/playlist.m3u8?hlsId=abbe69fdec164e0288a9e8160861f194_100000878107_0&token=daf9a841ee0819becaa76d1810736ca2,2a2c84d83f2a42b4b920ee3f7c867c63,HTTP,https://www.webcamtaxi.com/en/russia/moscow-province/badoo-office.html,Traffic,
,Poland,,https://www.youtube.com/watch?v=GaLsmhnWR2A,df22fb12d480432ba399c1d0a5cd6361,HTTP,,Street,Skyline
Poro,Portugal,,https://www.youtube.com/watch?v=YmzZg_V5_pM,bcfe3110b5c94fcda206627d4aa79d7d,HTTP,https://www.webcamtaxi.com/en/portugal/porto/douro-river.html,Beach,
,Russia,,https://www.youtube.com/watch?v=vELm7qGptyo,78fd93ed874741198e6347728a44365b,HTTP,https://www.webcamtaxi.com/en/russia/irkutsk-oblast/kirov-square-ust-kut.html,Traffic,
Yekaterinburg,Russia,,"https://www.windy.com/-Webcams/Russia/Sverdlovsk-Oblast/Yekaterinburg/%D0%95%D0%BA%D0%B0%D1%82%D0%B5%D1%80%D0%B8%D0%BD%D0%B1%D1%83%D1%80%D0%B3-%D0%9F%D0%BB%D0%BE%D1%89%D0%B0%D0%B4%D1%8C-%D0%B3/webcams/1424234958?56.837,47.417,5",72a39ea2aba045bd936780420b79a4ad,HTTP,,Street,
Yekaterinburg,Russia,,https://www.see.cam/ru/71/yekaterinburg,774b1b9602f54f9587881a85c0bd5eb4,HTTP,,DUPLICATE CAM,
Yekaterinburg,Russia,,https://www.webkams.com/russia/sverdlovskaya/yekaterinburg/79563,52cf4a4d039448108b7a344a27e73885,HTTP,,Street,"Multiple cams, all Street"
,Russia?,,https://www.youtube.com/watch?v=31msbwgePvI&list=PLwygboCFkeeA2w1fzJm44swdG-NnyB6ip&index=208,aSl92rb13e,,,Street,
Medina,Saudi Arabia,,https://www.youtube.com/watch?time_continue=2&v=_xFaHKwrJ0s,1593c8e47c264271a7f0d8be7ca30728,HTTP,https://www.youtube.com/watch?time_continue=2&v=_xFaHKwrJ0s&feature=emb_logo,Street ,Place of Worship
,Singapore,,"https://www.windy.com/-Webcams/Singapore/Central/Singapore/Clarke-Quay/webcams/1560985943?8.016,83.496,5",f9f6e21936c7497d9bb7287e2f2435a9,HTTP,,Street,Skyline
,Singapore,,https://www.youtube.com/watch?v=Cf78YAVZ1qc,1692fe06675f4dd78a212a4244ed396a,HTTP,https://www.youtube.com/watch?v=Cf78YAVZ1qc&feature=emb_logo,Street,
,Singapore,,https://www.youtube.com/watch?v=-53eP7Trb9k,4e2cf899603e4f8abe195843dd3bc44d,HTTP,https://www.youtube.com/watch?v=-53eP7Trb9k&feature=emb_logo,Beach,
,Singapore,,https://www.youtube.com/watch?v=0OxrwzAuW1Q,a571551becb54b7d837d3b2ac69c163b,HTTP,https://www.youtube.com/watch?v=0OxrwzAuW1Q&feature=emb_logo,Removed From Website,
,Singapore,,https://www.mbyh.com/web-cam,bdc6a99caaa84496924cb6199093c5d2,HTTP,,Beach,
,Singapore,,http://kitt2000.no-ip.org:9110/woodlands/,b137cfbd8b6b4729a0aa1995fad19d97,HTTP,,Street,
Gangwon,South Korea,,"https://www.windy.com/-Webcams/South-Korea/Gangwon-do/Daegwannyeong-myeon/Parwang-san/webcams/1515064600?31.241,108.325,5",8a9928f3fd784f40bb219d1d1d9b8658,HTTP,,Street,Park/Resort
Jeollabuk,South Korea,,"https://www.windy.com/-Webcams/South-Korea/Jeollabuk-do/Samgong-ri/Tŏgyu-san/webcams/1515064858?31.241,108.325,5",40839583c7df41e59ab7948c90570827,HTTP,,Street,Park/Resort
Canary Islands,Spain,,https://www.youtube.com/watch?v=r-SuEnEjnCc&list=PLwygboCFkeeA2w1fzJm44swdG-NnyB6ip&index=111,va575EgUhc,,,beach,
"Maspalomas, ",Spain,,https://www.youtube.com/watch?v=cvYNX6OONW4&list=PLwygboCFkeeA2w1fzJm44swdG-NnyB6ip&index=154,1BOVus8tlA,,,street,
Zurich,Switzerland,,https://www.youtube.com/watch?v=8Et-HSrd9WI,102c029ecb044408911aedccfdad1de1,HTTP,https://www.webcamtaxi.com/en/switzerland/zurich-canton/hardbruecke-zuerich.html,Street,
Zurich,Switzerland,,https://www.youtube.com/watch?v=8Et-HSrd9WI&feature=youtu.be,8c54307f182a45fcb2662b34628d944d,HTTP,,DUPLICATE CAM,
"Lausanne, ",Switzerland,,https://www.youtube.com/watch?v=XWYGDljzTP0&list=PLwygboCFkeeA2w1fzJm44swdG-NnyB6ip&index=149,Z0ClfKQn74,,,street,
,Taiwan,,"https://www.windy.com/-Webcams/Taiwan/Taiwan-Province/Keelung/-/webcams/1458725748?31.241,108.325,5",e8c6fb80e2eb433b9f9daaba8a99d177,HTTP,,Traffic,
,Taiwan,,"https://www.windy.com/-Webcams/Taiwan/Kaohsiung/尾西里/City-Nanzih-District/webcams/1297865817?31.241,108.325,5",c09bf5f3229f4f6ba93bb1ac8aa8ef08,HTTP,,Street,Park/Resort
,Taiwan,,https://www.youtube.com/watch?v=xCDSGVpWuNI,4872f61c68c942288c3eb48728b82925,HTTP,https://www.webcamtaxi.com/en/taiwan/new-taipei/zhongzheng-road.html,Traffic,
Gaoxiong,Taiwan,,https://www.pictimo.com/taiwan/kaohsiung/6918/webcam-street-view-in-kaohsiung,4a238b07d6324b2b96955a12a3f6005c,HTTP,,Traffic,
,Taiwan,,https://www.youtube.com/watch?v=xCDSGVpWuNI&list=PLwygboCFkeeA2w1fzJm44swdG-NnyB6ip&index=213,KSRHXzyMsp,,,Traffic,
Udon-Thani,Thailand,,"https://www.windy.com/-Webcams/Thailand/Udon-Thani-Province/Udon-Thani/Udon-Thani/webcams/1580040267?30.069,96.416,4",2d5cb4f272af4bd9ba52cab9c1d38901,HTTP,,Street,Park/Resort
Bangkok,Thailand,,"https://www.windy.com/-Webcams/Thailand/Bangkok/Skyline-from-Sathorn-Road/webcams/1368074325?30.069,96.416,4",462f9ad2158a4bc584bb534219b8db9a,HTTP,,Street,
Phuket,Thailand,,"https://www.windy.com/-Webcams/Thailand/Phuket-Province/Phuket/Bangla-Walking-Street/webcams/1460384845?30.069,96.416,4",a570e457556e43ea90af4b4b4bb20460,HTTP,,Street,
Surat-Thani,Thailand,,"https://www.windy.com/-Webcams/Thailand/Surat-Thani-Province/Thong-Sala/Phangan-Pier/webcams/1448620870?10.445,92.109,5",30501b89df5f41db94f176b322f8131a,HTTP,,Traffic,
,Thailand,,https://www.youtube.com/watch?v=1FvwPEKgcsA,7d5fab1a1f104b40bbf20e1192a53773,HTTP,,Beach,
,Thailand,,https://www.youtube.com/watch?v=xhfnS0tgKwg,f4eb19825b42455b93aae567ff758998,HTTP,,Street,
,Thailand,,https://www.youtube.com/watch?v=C1LlLCsWdcg,498850cca8de44f2802688c31a5a50a3,HTTP,,Street,
,Thailand,,https://hddn01.skylinewebcams.com/live.m3u8?a=bh0l1il79ul4fpi746did5ujc7,aac55a0380cd408faa7e5149252ecbae,HTTP,https://www.skylinewebcams.com/en/webcam/thailand/central-thailand/bangkok/bangkok-crossroads.html,Street,Skyline
,Thailand,,https://www.youtube.com/watch?v=B_2He_msuWU,72284cd7491d4624808e9e90fd5c2f59,HTTP,,Street,
Koh Phangan,Thailand,,https://www.youtube.com/watch?v=9WbCh2AE_NU,MgThW2DEP7,,,Beach,
Koh Samui,Thailand,,https://www.youtube.com/watch?v=17Deeq8N2e4,PM25b7gcnV,,,Street,
Bondi Lamai,Thailand,,https://www.youtube.com/watch?v=d29O7DT6NHQ,jZY3pYSGqn,,,Street,
Koi Samui,Thailand,,https://www.youtube.com/watch?v=sbZNL98Z0GE,IzKNJPtYqI,,,Street,
Koi Samui,Thailand,,https://www.youtube.com/watch?v=B_2He_msuWU,rWArimQL0V,,,Street,
Koi Samui,Thailand,,https://www.youtube.com/watch?v=9nmchjRTEtY&list=PLwygboCFkeeA2w1fzJm44swdG-NnyB6ip&index=44,ov7H2byjWc,,,Street,
"Lamai, Koh Samui",Thailand,,https://www.youtube.com/watch?v=1FvwPEKgcsA&list=PLwygboCFkeeA2w1fzJm44swdG-NnyB6ip&index=119,6FHK0hV0JZ,,,beach,
"Lamai, Koh Samui, ",Thailand,,https://www.youtube.com/watch?v=17Deeq8N2e4&list=PLwygboCFkeeA2w1fzJm44swdG-NnyB6ip&index=175,dZ8P9IRxgv,,,Traffic ,
,Turkey,,https://hddn01.skylinewebcams.com/live.m3u8?a=bh0l1il79ul4fpi746did5ujc7,31ba937d00684b5a8904cb0561e564d6,HTTP,https://www.skylinewebcams.com/en/webcam/turkey/anatolia-region/nevsehir/cappadocia-uchisar.html,Street,
Dubai,UAE,,https://www.youtube.com/watch?v=qDsecXnhD2I,825eb0bd7ea84e219a84c512f0aa3d23,HTTP,,Street,
Dubai,UAE,,https://www.youtube.com/watch?v=4PFOJf32dos,cb98ebc93b29495a8f4fb60e34586e0d,HTTP,,Street ,Park/Resort
Dubai,UAE,https://videos-3.earthcam.com/fecnetwork/5868.flv/chunklist_w108252458.m3u8?__fvd__,https://d3o4twxzdiwvsf.cloudfront.net/fecnetwork/5868.flv/chunklist.m3u8,ff65cfec2332472283410046b1b85eb1,HTTP,https://www.earthcam.com/world/uae/dubai/atlantisthepalm/?cam=atlantis1,Street ,skyline
Dubai,UAE,https://videos-3.earthcam.com/fecnetwork/6405.flv/chunklist_w2052599227.m3u8?__fvd__,https://d3o4twxzdiwvsf.cloudfront.net/fecnetwork/6405.flv/chunklist.m3u8,7c877b25b57c434ebfcf83bc8c5eaadb,HTTP,https://www.earthcam.com/world/uae/dubai/atlantisthepalm/?cam=atlantis2,Street,
Abu Dhabi,UAE,,"https://www.windy.com/-Webcams/United-Arab-Emirates/Fujairah/Al-Aqah/Le-Meridien-Beach-Resort/webcams/1512053174?24.467,41.133,5",48c2f695a48644aa816a7ef0cfa67afb,HTTP,,beach,
Abu Dhabi,UAE,,https://www.earthtv.com/en/webcam/etv-ya3-abu-dhabi-united-arab-emirates,185345e737ec4d5d87b03dbb9e7422c1,HTTP,,Street,
Cardiff,UK,,https://hddn01.skylinewebcams.com/live.m3u8?a=bh0l1il79ul4fpi746did5ujc7,f3c1493c0c264be9b8f74931fb28ec33,HTTP,https://www.skylinewebcams.com/en/webcam/united-kingdom/wales/cardiff/cardiff.html,Traffic,
st. Ives,UK,,https://hddn01.skylinewebcams.com/live.m3u8?a=bh0l1il79ul4fpi746did5ujc7,fa09f8c7d54945eb97cd8ec3034f25ed,HTTP,https://www.skylinewebcams.com/en/webcam/united-kingdom/england/st-ives/st-ives.html,Street,
leichester ,UK,,https://hddn01.skylinewebcams.com/live.m3u8?a=bh0l1il79ul4fpi746did5ujc7,4825acf2212446b993d567555ae0452b,HTTP,https://www.skylinewebcams.com/en/webcam/united-kingdom/england/leicester/leicester.html,Street,
London,UK,,https://www.youtube.com/watch?v=K87dZlYUVKo,a4c37d117f8140ab8c70d91564569d6e,HTTP,https://www.webcamtaxi.com/en/england/london/snakes-lane-east-woodford.html,Street,
London,UK,,https://www.webcamtaxi.com/en/england/london/regent-street.html,f7406d0e14dd4d0d8d6520398adc9625,HTTP,,DUPLICATE CAM,
Cardfiff,UK,,https://www.youtube.com/watch?v=SCEhZIXsFNU,jCn5cgp5Dz,,,Traffic,
Oxford,UK,,https://www.youtube.com/watch?v=St7aTfoIdYQ,LZhsDbph4t,,,Street,
Cam Devon,UK,,https://www.youtube.com/watch?v=0YohbfXgA-c,j5lMYTQnyo,,,Beach,
Oxford ,UK,,https://www.youtube.com/watch?v=xh48dJYojmE&list=PLwygboCFkeeA2w1fzJm44swdG-NnyB6ip&index=107,cj93JlVxJr,,,Traffic,
Kharkiv,Ukraine,,https://webcam.scs.com.ua/en/europe/ukraine/kharkov/,d01dbe51fd95418fa1fdbc43590fe065,HTTP,,Street,"Multiple cams, all Park/resort"
Los Angeles,USA,https://videos-3.earthcam.com/fecnetwork/lacitytours1.flv/chunklist_w227585416.m3u8?__fvd__,https://d3o4twxzdiwvsf.cloudfront.net/fecnetwork/lacitytours1.flv/chunklist.m3u8,6816487a0bd94b3786fada9cdf719b7e,HTTP,https://www.earthcam.com/usa/california/losangeles/hollywoodblvd/?cam=hollywoodblvd,Street,
San Jose,USA,,"https://www.windy.com/-Webcams/United-States/California/Sunnyvale/Webcam/webcams/1259732604?37.320,-121.857,11",dd0c61f302f84712a3a77d97ea4178cc,HTTP,,Street,
San Francisco,USA,https://videos-3.earthcam.com/fecnetwork/17728.flv/chunklist_w1785288908.m3u8?__fvd__,https://d3o4twxzdiwvsf.cloudfront.net/fecnetwork/17728.flv/chunklist.m3u8,8ff43ffc786f49fb8c79304c2e569513,HTTP,https://www.earthcam.com/usa/california/sanfrancisco/?cam=rowingclub,Beach,Bayfront
Portland,USA,,https://www.tripcheck.com/Pages/Custom-Cameras,f7590774317e46a2bfaafecc395b6bd1,HTTP,,Traffic,"Multiple cams, all Traffic"
Fresno,USA,,https://www.weatherbug.com/weather-camera/fresno-ca-93703,6dbaa5f7fada48639b3852738708e473,HTTP,,Street,Park/resort
Sacramento,USA,,http://cwwp2.dot.ca.gov/vm/iframemap.htm,4ec096da03a342f9aa2dd8a750207350,HTTP,,Traffic,"Multiple cams, all Traffic"
Long Beach,USA,,https://thesurfersview.com/live-cams/new-york/long-beach-cam-and-surf-report,6d14e5ea59bf406985d6bc126518a3a3,HTTP,,Beach,
Anchorage,USA,,http://camera.touchngo.com/,496bb0a1ed314cf6be96eaf1d340def3,HTTP,,Traffic,
San Diego,USA,,https://www.livebeaches.com/city/san-diego-ca/,00a222cdc2d74571803bd255d13719b2,HTTP,,beach,
San Diego,USA,,https://hoteldel.com/live-webcam/,b3f4bedd049f4cb69ed46c2b3cf1ce79,HTTP,,beach,
San Diego,USA,,https://www.youtube.com/c/SanDiegoWebCam,395fb397b6dc495f9fbfa29f4fc698e7,HTTP,,beach,"Multiple cams, all beaches/bayfronts"
San Diego,USA,,https://stream-uc2-delta.dropcam.com/nexus_aac/13b174e055e248089ca1b73fbaeda351/chunklist_w1645385609.m3u8?public=7OMFcAQpTu&__fvd__,ed9af57a64a44e1581e0670be1383700,HTTP,https://www.webcamtaxi.com/en/usa/california/san-diego-mission-beach-boardwalk.html,Beach,
San Francisco,USA,https://videos-3.earthcam.com/fecnetwork/17728.flv/chunklist_w392048117.m3u8?__fvd__,https://d3o4twxzdiwvsf.cloudfront.net/fecnetwork/17728.flv/chunklist.m3u8,0181ac833fe949c6b990ca6b22a136dc,HTTP,https://www.earthcam.com/usa/california/sanfrancisco/?cam=rowingclub,DUPLICATE CAM,
Manhattan,USA,,https://d3o4twxzdiwvsf.cloudfront.net/fecnetwork/9974.flv/chunklist.m3u8,0369289ba3154090bae333a56f709f3a,HTTP,https://www.earthcam.com/usa/newyork/timessquare/?cam=tsstreet,Street,
Seaside Heights,USA,https://videos-3.earthcam.com/fecnetwork/5173.flv/chunklist_w2070251896.m3u8?__fvd__,https://d3o4twxzdiwvsf.cloudfront.net/fecnetwork/5173.flv/chunklist.m3u8,2191acf05d734a92967ee20edabcbb9f,HTTP,https://www.earthcam.com/usa/newjersey/seasideheights/?cam=seasideheights,Street,
"Washington, D.C.",USA,,http://www.earthcam.net/projects/smithsonian/?cam=mpa&FMM,8aa8c7cde8ed4f41a8a436fcbe26175f,HTTP,,Traffic,
Philadelphia,USA,,http://attheshore.com/livecam-anthonys554#sponsorad,f291d3d2ef8c4b55bb15bde42fbb27ad,HTTP,,Street,
Philadelphia,USA,https://videos-3.earthcam.com/fecnetwork/14013.flv/chunklist_w192058547.m3u8?__fvd__,https://d3o4twxzdiwvsf.cloudfront.net/fecnetwork/14013.flv/chunklist.m3u8,4c90e740efbd4847b1b1138add13c9fd,HTTP,https://www.earthcam.com/usa/pennsylvania/philadelphia/?cam=philly,Traffic,
Boston,USA,,https://www.cruisin.me/cruise-port-webcams/united-states/boston-massachusetts2/,0969134152e14a3cbf2f81ba7e9f3255,HTTP,,beach,port
Pensacola Beach,USA,https://videos-3.earthcam.com/fecnetwork/17512.flv/chunklist_w2023343044.m3u8?__fvd__,https://d3o4twxzdiwvsf.cloudfront.net/fecnetwork/17512.flv/chunklist.m3u8,55c43b94411f422fa93bd4c583ce5230,HTTP,https://www.earthcam.com/usa/florida/pensacolabeach/?cam=pensacola,beach,
Hillsboro Beach,USA,https://videos-3.earthcam.com/fecnetwork/4135.flv/chunklist_w1457136098.m3u8?__fvd__,https://d3o4twxzdiwvsf.cloudfront.net/fecnetwork/4135.flv/chunklist.m3u8,155514cdd61942258f3882f2af0da9c3,HTTP,https://www.earthcam.com/usa/florida/hillsboro/?cam=hillsboro,beach,
Manhattan,USA,,https://hddn01.skylinewebcams.com/live.m3u8?a=bh0l1il79ul4fpi746did5ujc7,3874fa3edbc1401daacb3d2d75f4a6c7,HTTP,https://www.skylinewebcams.com/en/webcam/united-states/new-york/new-york/nyc-42th-street.html,Traffic,
Manhattan,USA,,https://webcams.nyctmc.org/multiview2.php?listcam=404,99395cbf43ad4e6f862ed2e66fb59e75,HTTP,,Traffic,
Manhattan,USA,,https://webcams.nyctmc.org/multiview2.php?listcam=488,39f313178ee84f6f86f811db61e238bf,HTTP,,Traffic,
Manhattan,USA,,https://webcams.nyctmc.org/multiview2.php?listcam=413,1df528f0f0384de8ba3a7631c8aeba24,HTTP,,Traffic,
Rehoboth Beach,USA,,https://www.livebeaches.com/webcams/rehoboth-beach-boardwalk-webcam/,84a9b93fee6f48bfbafac8312984f2af,HTTP,,beach,
Virginia Beach,USA,,https://www.livebeaches.com/webcams/watermans-webcam-on-virginia-beach-boardwalk/,5e4d8af077fd45da9660710b4ef86987,HTTP,,beach,
Ocean City,USA,,https://www.livebeaches.com/webcams/ocean-city-md-boardwalk-cam/,428776f879b2486581c6e873f7b23712,HTTP,,beach,
Deerfield Beach,USA,,https://www.livebeaches.com/webcams/deerfield-beach-live-webcam/,33821203e4eb4ac9bd715ad981de7e57,HTTP,,beach,
Maui Sea Shell Condo Beach,USA,,https://www.livebeaches.com/webcams/maui-sea-shell-condo-beach-cam/,4bba2a154d424033beae8741fa394091,HTTP,,beach,
Outer Banks,USA,,https://www.livebeaches.com/webcams/corolla-light-resort-beach-webcam/,e32e927d26ff4582aadce422f2911104,HTTP,,beach,
Fort Myers Beach,USA,,https://www.livebeaches.com/webcams/fort-myers-beach-live-cam/,3fc5fcc4342a41b9a85a668ce76752ae,HTTP,,beach,
Huntington Beach,USA,,https://www.livebeaches.com/webcams/huntington-beach-pier-live-cam/,8a7481bf6c4f4456906a0ce549aacb05,HTTP,,beach,
Panama City Beach,USA,,https://pwillys.com/beach-cam/,85449db51b354b88a2713519195887f6,HTTP,,beach,
Destin,USA,,https://www.oceanreefresorts.com/beachcam/destin-florida-beach-cam,0e35aab28e604b30a06c68df918fbe13,HTTP,,beach,
Naples,USA,,https://www.livebeaches.com/webcams/naples-pier-live-cam/,49579419bc2a48639ade901c8570074c,HTTP,,beach,
Myrtle Beach,USA,,https://www.livebeaches.com/webcams/myrtle-beach-boardwalk-cam/,a041c1f28b1a4c3eb897348231f7a5cb,HTTP,,beach,
San Francisco,USA,,https://www.youtube.com/watch?v=mm9pUNE8YXs,zNZ5k7yLEN,,,Street,
San Francisco,USA,,https://www.youtube.com/watch?v=vGX_ujeZzj0,mznkSUxFAx,,,Traffic,
New York City,USA,,https://www.youtube.com/watch?v=4qyZLflp-sI,QsxDGu5vue,,,Street,
Manhattan,USA,,https://www.youtube.com/watch?v=KGuCGd726RA,g6cB7v6MUi,,,Traffic,
Watertown,USA,,https://www.youtube.com/watch?v=CZxeiu2_3sk,2fMJQWobg9,,,Traffic,
Santa Monica,USA,,https://www.youtube.com/watch?v=OWbI6WtlI-k,OVZjQQIIYf,,,Beach,
Key West ,USA,,https://www.youtube.com/watch?v=V7L9xiKwq6U,gFxjBS86CD,,,Beach,
Panama City,USA,,https://www.youtube.com/watch?v=eD4bMwE7nIY,wIv7FoYIUX,,,Beach,
Destin,USA,,https://www.youtube.com/watch?v=fwPTOg11ddc,OdtIP8bGjY,,,Beach,
San Francisco,USA,,https://www.youtube.com/watch?v=t69dARkETRY,O5iMzc1D75,,,Street,
San Francisco,USA,,https://www.youtube.com/watch?v=ySQG13tLEYE,fADNdjiNKr,,,Street,
Burlington,USA,,youtube.com/watch?v=7DVUvR_ic-M,v70jBPbrNb,,,Street,
San Francisco,USA,,https://www.youtube.com/watch?v=Sv2mD_J_nbE,oevG6BBrR2,,,Street,
Jackson Hole,USA,,https://www.youtube.com/watch?v=1EiC9bvVGnk,vWPP0VSa13,,,Traffic,
La Grange,USA,,https://www.youtube.com/watch?v=pJ5cg83D5AE,zMhud8Orih,,,Traffic,
Auburn,USA,,https://www.youtube.com/watch?v=wVDtzDwo-1Q,9s7tRREqvG,,,Street,
Las Vegas,USA,,https://www.youtube.com/watch?v=0LYE669fbpU,wcpCJVf1b9,,,Traffic,
Key West,USA,,https://www.youtube.com/watch?v=5lTnWYuBY8g,XOvlPnXvUf,,,Traffic,
Bangor,USA,,https://www.youtube.com/watch?v=peC1JD9gEKc,aKV4QaQsXX,,,Traffic,
Apex,USA,,https://www.youtube.com/watch?v=6zj5irIQDsY,bLKaobpM4F,,,Traffic,
Chicago,USA,,https://www.youtube.com/watch?v=EdQPn86BfCE,heGRI7yITn,,,Street,
South Dakota,USA,,https://www.youtube.com/watch?v=d66NPsy_MPg&list=PLwygboCFkeeA2w1fzJm44swdG-NnyB6ip&index=108,mZFHwlA4KT,,,Street,
"La Grange, Kentucky ",USA,,https://www.youtube.com/watch?v=pJ5cg83D5AE&list=PLwygboCFkeeA2w1fzJm44swdG-NnyB6ip&index=113,pwCTVNOtdx,,,Traffic,
"Dania Beach Pier, Florida",USA,,https://www.youtube.com/watch?v=bEoNVd3spEM&list=PLwygboCFkeeA2w1fzJm44swdG-NnyB6ip&index=114,sOyAolKmGc,,,beach,
Florida Keys,USA,,https://www.youtube.com/watch?v=bhsZoZ2bApc&list=PLwygboCFkeeA2w1fzJm44swdG-NnyB6ip&index=124,MpnI0K2MYW,,,beach,
Florida Keys,USA,,https://www.youtube.com/watch?v=_XSypYRMFNI&list=PLwygboCFkeeA2w1fzJm44swdG-NnyB6ip&index=127,B97If8ShKl,,,beach,
"Sturgis, south dakota",USA,,https://www.youtube.com/watch?v=Xn8TpqBJ-gY&list=PLwygboCFkeeA2w1fzJm44swdG-NnyB6ip&index=128,YJdKYA0Sp1,,,Traffic,
"Auburn, Alabama",USA,,https://www.youtube.com/watch?v=hMYIc5ZPJL4&list=PLwygboCFkeeA2w1fzJm44swdG-NnyB6ip&index=131,i5fJAHmRIF,,,Traffic,
"Saluda Grade, North Carolina ",USA,,https://www.youtube.com/watch?v=4tuCXvrMFdk&list=PLwygboCFkeeA2w1fzJm44swdG-NnyB6ip&index=136,0DYhy8t7QU,,,Traffic,
Florida Keys,USA,,https://www.youtube.com/watch?v=4FtrcTF4fN0&list=PLwygboCFkeeA2w1fzJm44swdG-NnyB6ip&index=138,8S94dpZdMX,,,beach,
,USA,,https://www.youtube.com/watch?v=sesNhVIZGIs&list=PLwygboCFkeeA2w1fzJm44swdG-NnyB6ip&index=140,zlzMQb14jH,,,beach,
"Deerfield Beach, Florida",USA,,https://www.youtube.com/watch?v=-HAi_5IIAYg&list=PLwygboCFkeeA2w1fzJm44swdG-NnyB6ip&index=145,FczMaPPo03,,,beach,
"Leland,Michigan",USA,,https://www.youtube.com/watch?v=sgMgm7eOsl4&list=PLwygboCFkeeA2w1fzJm44swdG-NnyB6ip&index=148,vcML0IFcBg,,,beach,
"Telluride, Colorado",USA,,https://www.youtube.com/watch?v=Y_TLxje5Qw4&list=PLwygboCFkeeA2w1fzJm44swdG-NnyB6ip&index=151,jb6R90MEBZ,,,street,
"Santa Clara, CA",USA,,https://www.youtube.com/watch?v=HmhIWVjE8ac&list=PLwygboCFkeeA2w1fzJm44swdG-NnyB6ip&index=152,4Q8saZokdF,,,street,
"Fort Lee, New Jersey",USA,,https://www.youtube.com/watch?v=KRkxvTAeFu4&list=PLwygboCFkeeA2w1fzJm44swdG-NnyB6ip&index=157,RbX5hfMNXm,,,Traffic,
"Gatlinburg, Tennessee",USA,,youtube.com/watch?v=LQpGUOJtdnY&list=PLwygboCFkeeA2w1fzJm44swdG-NnyB6ip&index=178,1yY7h9xkXt,,,Street,
"Marshall, MI ",USA,,https://www.youtube.com/watch?v=ZFaLwhW1cLg&list=PLwygboCFkeeA2w1fzJm44swdG-NnyB6ip&index=184,usOhIOWnip,,,Street,
"Boyne Falls, Boyne Valley Township, MI",USA,,https://www.youtube.com/watch?v=mm_fnIJ1c6Q&list=PLwygboCFkeeA2w1fzJm44swdG-NnyB6ip&index=195,GSWmo7VB1W,,,Street,park/resort
Jackson Hole,USA,,https://www.youtube.com/watch?v=I6-hQfIJP8c&list=PLwygboCFkeeA2w1fzJm44swdG-NnyB6ip&index=203,Vdwrw9oXGP,,,Traffic,
Milkwaukee,USA,,https://www.youtube.com/watch?v=7fZ2JLtv_c8&list=PLwygboCFkeeA2w1fzJm44swdG-NnyB6ip&index=205,aZEhSi98qw,,,Traffic,
Sturgis,USA,,https://www.youtube.com/watch?v=WuhUkOvFMyA&list=PLwygboCFkeeA2w1fzJm44swdG-NnyB6ip&index=207,Ai4oaJ8Oj6,,,Street,
Crystal Cove,USA,,https://www.youtube.com/watch?v=AovvFApVnKc&list=PLwygboCFkeeA2w1fzJm44swdG-NnyB6ip&index=210,0rob4pBNuz,,,Beach,
Watertown,USA,,https://www.youtube.com/watch?v=CZxeiu2_3sk&list=PLwygboCFkeeA2w1fzJm44swdG-NnyB6ip&index=216,5Xt6GBwI2C,,,Traffic,
"Warren Store, Vermont",USA,,https://www.youtube.com/watch?v=WPXfnrYAzjA&list=PLwygboCFkeeA2w1fzJm44swdG-NnyB6ip&index=232,gK5L10Ke2N,,,Street,
St. Croix,USVI,,https://www.youtube.com/watch?v=gdbRASr1dJw&list=PLwygboCFkeeA2w1fzJm44swdG-NnyB6ip&index=45,8xv9U5Y4V5,,,beach,
St. Croix,USVI,,https://www.youtube.com/watch?v=qpWWnZZ5TR0&list=PLwygboCFkeeA2w1fzJm44swdG-NnyB6ip&index=93,86jHO0HFkm,,,Street,
St. Croix,USVI,,https://www.youtube.com/watch?v=DWZkD3G7WEs&list=PLwygboCFkeeA2w1fzJm44swdG-NnyB6ip&index=99,4mKEIb96LV,,,beach,
Municipality of Vastogirardi,Vastogirardi,,https://www.youtube.com/watch?v=GP_sJIw9D0s&list=PLwygboCFkeeA2w1fzJm44swdG-NnyB6ip&index=109,yDHQtrO2ma,,,Traffic,
,Vietnam,,"https://www.windy.com/-Webcams/Vietnam/Hải-Châu-District/Da-Nang-International-Airport-Da-Nang-City/webcams/1441356182?30.069,96.416,4",88afc2c8e17e4359a4c782bfd0b300b9,HTTP,,Street,
,Vietnam,,"https://www.windy.com/-Webcams/Vietnam/Khanh-Hoa-province/Nha-Trang/Central-Park-Beach/webcams/1469336959?30.069,96.416,4",487b01b2f1a940579f1007c29befe24f,HTTP,,Street,Park/Resort
Venice,,,https://hddn01.skylinewebcams.com/live.m3u8?a=bh0l1il79ul4fpi746did5ujc7,1ad1006d2fad4906806e57395795a887,HTTP,https://www.skylinewebcams.com/en/webcam/italia/veneto/venezia/piazza-san-marco.html,Street,DUPLICATE CAM
Pachuca De Soto,,,https://www.meteosurfcanarias.com/en/003044-webcam-weather-live-inland-hidalgo-pachuca.php,d04da6be864641ebaf8323e8426d1025,HTTP,,Street,
Dusseldorf,,,https://www.dus.com/en/enjoy-dus/webcams,81e8709ee72340ed935974c8fe26bec2,HTTP,,Airport,
Riga,,,https://balticlivecam.com/cameras/latvia/riga/riga-cathedral-cathedral-square//,b4ee6b345744489e85eeab7878e0a2b2,HTTP,,Street,
Belfast,,,https://worldcam.eu/webcams/europe/united-kingdom/1213-belfast-lough-lea,38c284d933c548fa82be84e0aee5a8f5,HTTP,,Street,
Verona,,,http://www.soaveincoming.com/webcam-a-soave/,6fde69283ce74e81b774ee1e817b856f,HTTP,,Traffic,
Bari,,,http://www.meteobari.com/Default.asp?sWidth=1680,fb019d3c5c534c04ab9832bfe1f8e50a,HTTP,,Street,Skyline
Louisville/jefferson County Balance,,,http://511.ky.gov/,29d7d8f111474d6d93193ece924eda25,HTTP,,,
Brighton,,,https://hddn01.skylinewebcams.com/live.m3u8?a=bh0l1il79ul4fpi746did5ujc7,113644aeaa0b42308442619faf6d10f1,HTTP,https://www.skylinewebcams.com/en/webcam/united-kingdom/england/brighton/brighton-pier.html,Traffic,
Manhattan,,,https://d3o4twxzdiwvsf.cloudfront.net/fecnetwork/hdtimes10.flv/chunklist.m3u8,d8db35dadbc84bf59c00da4dc5f43c36,HTTP,https://www.earthcam.com/usa/newyork/timessquare/?cam=tsrobo1,Street,
Manhattan,,,https://d3o4twxzdiwvsf.cloudfront.net/fecnetwork/15559.flv/chunklist.m3u8,5c47b809248b41c0a1ba5538be26546e,HTTP,https://www.earthcam.com/usa/newyork/timessquare/?cam=tsrobo3,Street,
Manhattan,,,https://www.earthcam.com/usa/newyork/timessquare/?cam=gts1,f1b3c02ede064f6583a5c6c09d02ba03,HTTP,,Street,
Manhattan,,,https://www.earthcam.com/usa/newyork/timessquare/?cam=gts2_broadway,818a7889318e4b16a9bc952e18d398b3,HTTP,,Street,
Fort Walton BEach,,,https://www.livebeaches.com/webcams/fort-walton-beach-wyndham-garden/,06128811672c4f889d9af5a28f842abe,HTTP,,beach,
,,,,,,,,
Westgate Cocoa Beach,,,https://www.youtube.com/watch?v=nKrm68n7I_8,IgKmyDxzCJ,,,Beach,
British Virgin Islands,,,https://www.youtube.com/watch?v=LXWVYoBluT4,jqaxhvDafz,,,Beach,
Salisbury Beach,,,https://www.youtube.com/watch?v=o3Z-eNiplNo,6FZhJNDTEN,,,Beach,
Gran Canaria,,,https://www.youtube.com/watch?v=MXqKk4WEhsE,hIZLDBJS5V,,,Street,
Calgary,,,https://www.youtube.com/watch?v=xsRDTfuksyI,h5SGg1wbzT,,,Street,
Jackson Town Square,,,https://www.youtube.com/watch?v=I6-hQfIJP8c,eEI9Lqba4i,,,Traffic,
,,,,,,,,
Grancanaria.live | Playa del Inglés - Minigolf Yumbo,,,https://www.youtube.com/watch?v=NPVTB_CtF9c&list=PLwygboCFkeeA2w1fzJm44swdG-NnyB6ip&index=20,nEVWDUiTdT,,,Street,
Fontys Rachelsmolen - Eindhoven,,,https://www.youtube.com/watch?v=l1f1w2iOTMM&list=PLwygboCFkeeA2w1fzJm44swdG-NnyB6ip&index=18,RacCRwQXeC,,,Street,
Driebergen-Zeist,,,https://www.youtube.com/watch?v=CW3OYeC26Ew&list=PLwygboCFkeeA2w1fzJm44swdG-NnyB6ip&index=17,6DYft0eW4w,,,Traffic,
SCHEVENINGEN STRAND,,,https://www.youtube.com/watch?v=J9t__YygUJk&list=PLwygboCFkeeA2w1fzJm44swdG-NnyB6ip&index=37,K4TwO5OVFd,,,Traffic,
Lamarie,,,https://www.youtube.com/watch?v=vbA0uy8AsLE&list=PLwygboCFkeeA2w1fzJm44swdG-NnyB6ip&index=38,crfpf9vko2,,,Street,
Vischmarkt Elburg,,,https://www.youtube.com/watch?v=51djMAqsmIQ&list=PLwygboCFkeeA2w1fzJm44swdG-NnyB6ip&index=39,KMD3D8JZE7,,,Street,
Church St Market Place,,,https://www.youtube.com/watch?v=tUPmbZqrC6I&list=PLwygboCFkeeA2w1fzJm44swdG-NnyB6ip&index=48,TuStwOEGBQ,,,Street,
Gubbio,,,https://www.youtube.com/watch?v=7DVUvR_ic-M&list=PLwygboCFkeeA2w1fzJm44swdG-NnyB6ip&index=49,uOCFuJoh5J,,,Street,
Noordwijk,,,https://www.youtube.com/watch?v=S-5YSXJzdjI&list=PLwygboCFkeeA2w1fzJm44swdG-NnyB6ip&index=50,kD1I7YLs6f,,,Traffic,
Amsterdam,,,https://www.youtube.com/watch?v=KGEekP1102g&list=PLwygboCFkeeA2w1fzJm44swdG-NnyB6ip&index=52,2rQI1nLrng,,,Traffic,
Amsterdam,,,https://www.youtube.com/watch?v=1phWWCgzXgM&list=PLwygboCFkeeA2w1fzJm44swdG-NnyB6ip&index=54,tgfTUMSyFs,,,Traffic,
Spello,,,https://www.youtube.com/watch?v=d6bWbpQ2Hts&list=PLwygboCFkeeA2w1fzJm44swdG-NnyB6ip&index=56,6PYOfQwNMa,,,Street,
Amsterdam,,,https://www.youtube.com/watch?v=hBnhSxlL9So&list=PLwygboCFkeeA2w1fzJm44swdG-NnyB6ip&index=57,rDg8gWh461,,,Traffic,
Bastia Umbra,,,https://www.youtube.com/watch?v=IVwL9F3lqSA&list=PLwygboCFkeeA2w1fzJm44swdG-NnyB6ip&index=59,rttL1I8J0O,,,Traffic,
Bevagna,,,https://www.youtube.com/watch?v=PfBPe5Jfzxo&list=PLwygboCFkeeA2w1fzJm44swdG-NnyB6ip&index=61,olkyOMlUs8,,,Street,
Binnenhaven Lemmer,,,https://www.youtube.com/watch?v=NyzxJMWxDeo&list=PLwygboCFkeeA2w1fzJm44swdG-NnyB6ip&index=62,RBdTf9nLmC,,,beach,port
Calgary,,,https://www.youtube.com/watch?v=Ek7urv-LUhQ&list=PLwygboCFkeeA2w1fzJm44swdG-NnyB6ip&index=63,OS4ZBgSEHx,,,Traffic,
Weymouth Harbor,,,https://www.youtube.com/watch?v=y9TxxUZvkvc&list=PLwygboCFkeeA2w1fzJm44swdG-NnyB6ip&index=68,LyA0jHhfS2,,,beach,
,,,https://www.youtube.com/watch?v=gSY5W3XHy0k&list=PLwygboCFkeeA2w1fzJm44swdG-NnyB6ip&index=70,I4BMv6gLR2,,,beach,
Mad River Valley,,,https://www.youtube.com/watch?v=Uf6XmDa4ju0&list=PLwygboCFkeeA2w1fzJm44swdG-NnyB6ip&index=73,Rwv5e2DF8g,,,beach,
Buenos Aires,,,https://www.youtube.com/watch?v=if91GyWP3zQ&list=PLwygboCFkeeA2w1fzJm44swdG-NnyB6ip&index=76,mrrdtxSHLe,,,Traffic,
Fort Worth Stockyards,,,https://www.youtube.com/watch?v=PPep2IwVOmM&list=PLwygboCFkeeA2w1fzJm44swdG-NnyB6ip&index=83,0BWdNzqumz,,,Traffic,
Whistler Olympic PLaza,,,https://www.youtube.com/watch?v=F0GmYDgR0r0&list=PLwygboCFkeeA2w1fzJm44swdG-NnyB6ip&index=92,11de6btHVN,,,Street,park/resort
,,,https://www.youtube.com/watch?v=nS7FlgPNydc&list=PLwygboCFkeeA2w1fzJm44swdG-NnyB6ip&index=144,WS83RozTzC,,,beach,
,,,https://www.youtube.com/watch?v=vPxAgn3EtDQ&list=PLwygboCFkeeA2w1fzJm44swdG-NnyB6ip&index=169,F1ES36NUs3,,,Traffic ,
,,,https://www.youtube.com/watch?v=V0rZu_ykkM4&list=PLwygboCFkeeA2w1fzJm44swdG-NnyB6ip&index=185,lh3AfL8d0A,,,Street,
,,,https://www.youtube.com/watch?v=u7w2wJ_xhFA&list=PLwygboCFkeeA2w1fzJm44swdG-NnyB6ip&index=186,RFCEIXSo39,,,Traffic,
,,,https://www.youtube.com/watch?v=XQ2lhRS_8wQ&list=PLwygboCFkeeA2w1fzJm44swdG-NnyB6ip&index=187,cXKqtLuBk2,,,Street,
,,,,,,,,
,,,,,,,,
Port Bourgenay,,,https://www.youtube.com/watch?v=ZktdEyLtYPo&list=PLwygboCFkeeA2w1fzJm44swdG-NnyB6ip&index=209,C5JJlQJpot,,,,
Aro Palace Brasov,,,https://www.youtube.com/watch?v=zM8dVQeL82E&list=PLwygboCFkeeA2w1fzJm44swdG-NnyB6ip&index=215,fh3Pe0p3uW,,,Street,
City of Renodo,,,https://www.youtube.com/watch?v=aH2TvmjxIFM&list=PLwygboCFkeeA2w1fzJm44swdG-NnyB6ip&index=219,dFnMiOPShv,,,Beach,
Lyall Bay,,,https://www.youtube.com/watch?v=TiH7_P0EOLc&list=PLwygboCFkeeA2w1fzJm44swdG-NnyB6ip&index=223,gr26kOmGWd,,,Beach,
,,,https://www.youtube.com/watch?v=rrC9iQjPMNE&list=PLwygboCFkeeA2w1fzJm44swdG-NnyB6ip&index=228,m5MhUH3lAM,,,Traffic,
,,,https://www.youtube.com/watch?v=_f4YyIfw1dA&list=PLwygboCFkeeA2w1fzJm44swdG-NnyB6ip&index=230,vtL08qlfj6,,,Traffic,
Calgary,,,https://www.youtube.com/watch?v=mPy_tLqoVrc&list=PLwygboCFkeeA2w1fzJm44swdG-NnyB6ip&index=234,5ox9C8XY8Q,,,Traffic,
Huntington,,,https://www.youtube.com/watch?v=DbY00xhcrgU&list=PLwygboCFkeeA2w1fzJm44swdG-NnyB6ip&index=236,jBK3bO3DlM,,,Beach,
,,,https://www.youtube.com/watch?v=ZOn7EVp9248&list=PLwygboCFkeeA2w1fzJm44swdG-NnyB6ip&index=237,nIazmTwj9J,,,Street,
,,,https://www.youtube.com/watch?v=yM5QwbHJwkU&list=PLwygboCFkeeA2w1fzJm44swdG-NnyB6ip&index=239,igQg2HtCRm,,,Beach,
,,,https://www.youtube.com/watch?v=rr-Ehp4lhmg&list=PLwygboCFkeeA2w1fzJm44swdG-NnyB6ip&index=242,FdIsbMi6If,,,Traffic,
,,,https://www.youtube.com/watch?v=zr7QwvEnh8A&list=PLwygboCFkeeA2w1fzJm44swdG-NnyB6ip&index=243,dRIQeizGUu,,,Traffic,
,,,https://www.youtube.com/watch?v=sH_8y7amj6s&list=PLwygboCFkeeA2w1fzJm44swdG-NnyB6ip&index=244,dF2E0YQ4Md,,,Traffic,
,,,https://www.youtube.com/watch?v=WbUMcOJiqKg&list=PLwygboCFkeeA2w1fzJm44swdG-NnyB6ip&index=245,mLVbRcaoc5,,,Beach,
,,,https://www.youtube.com/watch?v=3hvPxTJ33Nc&list=PLwygboCFkeeA2w1fzJm44swdG-NnyB6ip&index=247,kulCrDJKnw,,,Street,
,,,https://www.youtube.com/watch?v=JATo2lPJcaE&list=PLwygboCFkeeA2w1fzJm44swdG-NnyB6ip&index=249,k3ZiuSVHES,,,Traffic,
,,,https://www.youtube.com/watch?v=1_WnBLX0HXI&list=PLwygboCFkeeA2w1fzJm44swdG-NnyB6ip&index=250,rOJB1zLWdD,,,Street,
,,,https://www.youtube.com/watch?v=d11qKztvBAM&list=PLwygboCFkeeA2w1fzJm44swdG-NnyB6ip&index=253,B8iZljfuh6,,,Beach?,
,,,https://www.youtube.com/watch?v=GimxrnigQtE&list=PLwygboCFkeeA2w1fzJm44swdG-NnyB6ip&index=257,NuhQchxcTd,,,Street,
,,,https://www.youtube.com/watch?v=2XcXuagidBc&list=PLwygboCFkeeA2w1fzJm44swdG-NnyB6ip&index=258,vTjqPZ8keH,,,Traffic,
,,,https://www.youtube.com/watch?v=N51Z1Xc229o&list=PLwygboCFkeeA2w1fzJm44swdG-NnyB6ip&index=259,cBWynGkJaY,,,Street,
,,,https://www.youtube.com/watch?v=FHXxS264AU8&list=PLwygboCFkeeA2w1fzJm44swdG-NnyB6ip&index=261,jTCuTpbbUb,,,Beach,
,,,https://www.youtube.com/watch?v=0LYE669fbpU&list=PLwygboCFkeeA2w1fzJm44swdG-NnyB6ip&index=263,oj1bsJa8KS,,,Traffic,
,,,https://www.youtube.com/watch?v=HXImXV0oIhA&list=PLwygboCFkeeA2w1fzJm44swdG-NnyB6ip&index=265,0ugIl6911U,,,,
,,,https://www.youtube.com/watch?v=ehASyl3MnLk&list=PLwygboCFkeeA2w1fzJm44swdG-NnyB6ip&index=267,hN7vlxW9EP,,,Street,
,,,https://www.youtube.com/watch?v=lgg6wgTCkKE&list=PLwygboCFkeeA2w1fzJm44swdG-NnyB6ip&index=270,Yr3NSpUILj,,,Traffic,
,,,https://www.youtube.com/watch?v=p4ljPhkM4-U&list=PLwygboCFkeeA2w1fzJm44swdG-NnyB6ip&index=271,yWcCYHSXZI,,,Street,
,,,https://www.youtube.com/watch?v=ytPsiuXqcNY&list=PLwygboCFkeeA2w1fzJm44swdG-NnyB6ip&index=272,r4NKj9nN2D,,,,
,,,https://www.youtube.com/watch?v=oc8N5CEGXnM&list=PLwygboCFkeeA2w1fzJm44swdG-NnyB6ip&index=277,nt0jAhsw12,,,Traffic,
,,,https://www.youtube.com/watch?v=nmRRzgVUeoY&list=PLwygboCFkeeA2w1fzJm44swdG-NnyB6ip&index=278,SyONGHbZyl,,,,
,,,https://www.youtube.com/watch?v=1yjJubF2H8I&list=PLwygboCFkeeA2w1fzJm44swdG-NnyB6ip&index=282,FwDbCWKjWx,,,Traffic,
,,,https://www.youtube.com/watch?v=SBj-U5c-DAY&list=PLwygboCFkeeA2w1fzJm44swdG-NnyB6ip&index=283,ADOoCNchvs,,,,
,,,https://www.youtube.com/watch?v=6BnkGdKdBD4&list=PLwygboCFkeeA2w1fzJm44swdG-NnyB6ip&index=289,18TIPSnG5R,,,,
,,,https://www.youtube.com/watch?v=HpZAez2oYsA&list=PLwygboCFkeeA2w1fzJm44swdG-NnyB6ip&index=290,tDtdjAmw0Z,,,,
,,,https://www.youtube.com/watch?v=07jdFF_jvC0&list=PLwygboCFkeeA2w1fzJm44swdG-NnyB6ip&index=299,Ep6ouo9mLf,,,,
,,,https://www.youtube.com/watch?v=HayzZg49-M0&list=PLwygboCFkeeA2w1fzJm44swdG-NnyB6ip&index=300,gBw4kT5kka,,,,
,,,https://www.youtube.com/watch?v=qP1y7Tdab7Y&list=PLwygboCFkeeA2w1fzJm44swdG-NnyB6ip&index=302,UmmPMBMocU,,,,
,,,https://www.youtube.com/watch?v=XDzc5u0zvmU&list=PLwygboCFkeeA2w1fzJm44swdG-NnyB6ip&index=303,7dcnp5ImPE,,,,
,,,https://www.youtube.com/watch?v=swGCJESAXe0&list=PLwygboCFkeeA2w1fzJm44swdG-NnyB6ip&index=304,QOsJx3QxK4,,,,
,,,https://www.youtube.com/watch?v=YImAkvMlu8E&list=PLwygboCFkeeA2w1fzJm44swdG-NnyB6ip&index=305,cVGzXSaz6W,,,,
,,,https://www.youtube.com/watch?v=EXvKXsmAmPg&list=PLwygboCFkeeA2w1fzJm44swdG-NnyB6ip&index=306,TEJSuBfARi,,,,
,,,https://www.youtube.com/watch?v=YfKfY1Gahv0&list=PLwygboCFkeeA2w1fzJm44swdG-NnyB6ip&index=307,Vnl4A5IBmK,,,,
,,,https://www.youtube.com/watch?v=TRbz4kI6hrk&list=PLwygboCFkeeA2w1fzJm44swdG-NnyB6ip&index=308,e4O0K2C2Ub,,,,
,,,https://www.youtube.com/watch?v=gmePhJi_QbY&list=PLwygboCFkeeA2w1fzJm44swdG-NnyB6ip&index=309,PEe7XieS0v,,,,
,,,https://www.youtube.com/watch?v=sjp4B_Qjj8s&list=PLwygboCFkeeA2w1fzJm44swdG-NnyB6ip&index=313,1eF1IEXEPu,,,,
,,,https://www.youtube.com/watch?v=banrDi6D63g&list=PLwygboCFkeeA2w1fzJm44swdG-NnyB6ip&index=316,MMqT3XJ1HU,,,,
,,,https://www.youtube.com/watch?v=KIL0DZI4JkM&list=PLwygboCFkeeA2w1fzJm44swdG-NnyB6ip&index=317,ujUtK1ardE,,,,
,,,https://www.youtube.com/watch?v=qbLd93Wfii0&list=PLwygboCFkeeA2w1fzJm44swdG-NnyB6ip&index=321,n667geR6WZ,,,,
,,,https://www.youtube.com/watch?v=AV4sKKgdfdA&list=PLwygboCFkeeA2w1fzJm44swdG-NnyB6ip&index=326,P70DIBukoR,,,,
,,,https://www.youtube.com/watch?v=KlNP-KAwTV4&list=PLwygboCFkeeA2w1fzJm44swdG-NnyB6ip&index=336,evPfrQ4Ynf,,,,
,,,https://www.youtube.com/watch?v=OWbI6WtlI-k&list=PLwygboCFkeeA2w1fzJm44swdG-NnyB6ip&index=338,q9dg4lXTLT,,,,
,,,https://www.youtube.com/watch?v=FuflXyv1vss&list=PLwygboCFkeeA2w1fzJm44swdG-NnyB6ip&index=340,9p57jTzk59,,,,
,,,https://www.youtube.com/watch?v=B_2He_msuWU&list=PLwygboCFkeeA2w1fzJm44swdG-NnyB6ip&index=344,ZuodZSqpy5,,,,
,,,https://www.youtube.com/watch?v=alxALf76vwo&list=PLwygboCFkeeA2w1fzJm44swdG-NnyB6ip&index=345,CvOpSI3SRV,,,,
,,,https://www.youtube.com/watch?v=SCEhZIXsFNU&list=PLwygboCFkeeA2w1fzJm44swdG-NnyB6ip&index=346,HNAuVVR6pM,,,,
,,,https://www.youtube.com/watch?v=ma0rnbTHuVQ&list=PLwygboCFkeeA2w1fzJm44swdG-NnyB6ip&index=349,ER7jkKAk4N,,,,
,,,https://www.youtube.com/watch?v=NndHP2ofz0w&list=PLwygboCFkeeA2w1fzJm44swdG-NnyB6ip&index=348,d8Ycw0thSJ,,,,
,,,https://www.youtube.com/watch?v=KBSm56DxyMU&list=PLwygboCFkeeA2w1fzJm44swdG-NnyB6ip&index=353,vMrtkzvnT4,,,,
,,,https://www.youtube.com/watch?v=WLFXX9UFpKs&list=PLwygboCFkeeA2w1fzJm44swdG-NnyB6ip&index=359,93ufJyczA2,,,,
,,,https://www.youtube.com/watch?v=3vZaZj1PH-I&list=PLwygboCFkeeA2w1fzJm44swdG-NnyB6ip&index=360,dTrsH1J74W,,,,
,,,https://www.youtube.com/watch?v=q30GjuSB_ls&list=PLwygboCFkeeA2w1fzJm44swdG-NnyB6ip&index=361,E8h6s8lg3i,,,,
,,,https://www.youtube.com/watch?v=z6JXAvVkfAQ&list=PLwygboCFkeeA2w1fzJm44swdG-NnyB6ip&index=362,2vK2SVnA8D,,,,
,,,https://www.youtube.com/watch?v=z6JXAvVkfAQ&list=PLwygboCFkeeA2w1fzJm44swdG-NnyB6ip&index=362,Y1IsENgjDQ,,,,
,,,https://www.youtube.com/watch?v=lH5goZL8tCU&list=PLwygboCFkeeA2w1fzJm44swdG-NnyB6ip&index=367,2JWQjJtjBT,,,,
,,,https://www.youtube.com/watch?v=K87dZlYUVKo&list=PLwygboCFkeeA2w1fzJm44swdG-NnyB6ip&index=370,JaHcaeP34N,,,,
,,,https://www.youtube.com/watch?v=UwSJ26G9hns&list=PLwygboCFkeeA2w1fzJm44swdG-NnyB6ip&index=371,u3sojjFpfm,,,,
,,,https://www.youtube.com/watch?v=UwSJ26G9hns&list=PLwygboCFkeeA2w1fzJm44swdG-NnyB6ip&index=372,JaselckxzS,,,,
,,,https://www.youtube.com/watch?v=Wfcrg83ApLA&list=PLwygboCFkeeA2w1fzJm44swdG-NnyB6ip&index=374,568KRLi389,,,,
,,,https://www.youtube.com/watch?v=sAKYifsjnYo&list=PLwygboCFkeeA2w1fzJm44swdG-NnyB6ip&index=376,MfrBPoLAPR,,,,
,,,https://www.youtube.com/watch?v=zku4K7-U1P0&list=PLwygboCFkeeA2w1fzJm44swdG-NnyB6ip&index=377,dsCjQVPeX4,,,,
,,,https://www.youtube.com/watch?v=0vishEDtgdw&list=PLwygboCFkeeA2w1fzJm44swdG-NnyB6ip&index=384,3Qo28X4eMo,,,,
,,,https://www.youtube.com/watch?v=oOIZJ6bfaK8&list=PLwygboCFkeeA2w1fzJm44swdG-NnyB6ip&index=385,KiQ6O0gxUD,,,,
,,,https://www.youtube.com/watch?v=5ztA4N15ai4&list=PLwygboCFkeeA2w1fzJm44swdG-NnyB6ip&index=386,CeuB5QGFDJ,,,,
,,,https://www.youtube.com/watch?v=sTGxX84Bajg&list=PLwygboCFkeeA2w1fzJm44swdG-NnyB6ip&index=387,vXMWZebpvF,,,,
,,,youtube.com/watch?v=niyLE7ZhOqE&list=PLwygboCFkeeA2w1fzJm44swdG-NnyB6ip&index=392,tjM812McQs,,,,
,,,https://www.youtube.com/watch?v=fVhitnC47W0&list=PLwygboCFkeeA2w1fzJm44swdG-NnyB6ip&index=393,x1yJlpN6iR,,,,
,,,https://www.youtube.com/watch?v=PPbIeVerojQ&list=PLwygboCFkeeA2w1fzJm44swdG-NnyB6ip&index=394,2faAPIvHWq,,,,
,,,https://www.youtube.com/watch?v=4bgZievhX8k&list=PLwygboCFkeeA2w1fzJm44swdG-NnyB6ip&index=395,DJdtfZ6Nbq,,,,
,,,https://www.youtube.com/watch?v=WUBQJosNm8o&list=PLwygboCFkeeA2w1fzJm44swdG-NnyB6ip&index=400,GMSTxtIPIV,,,,
,,,https://www.youtube.com/watch?v=t26uyE7FJpM&list=PLwygboCFkeeA2w1fzJm44swdG-NnyB6ip&index=405,ZU1GWbnXoj,,,,
,,,https://www.youtube.com/watch?v=KSNC1Db-6wo&list=PLwygboCFkeeA2w1fzJm44swdG-NnyB6ip&index=407,gUUKuLnPds,,,,
,,,youtube.com/watch?v=RdS5vaKwmPU&list=PLwygboCFkeeA2w1fzJm44swdG-NnyB6ip&index=408,1dYkCACe1S,,,,
,,,https://www.youtube.com/watch?v=k-OtLnknOpQ&list=PLwygboCFkeeA2w1fzJm44swdG-NnyB6ip&index=409,a9LhkolGnb,,,,
,,,https://www.youtube.com/watch?v=F2427ONdpGA&list=PLwygboCFkeeA2w1fzJm44swdG-NnyB6ip&index=411,RFhBUYsFAz,,,,
,,,https://www.youtube.com/watch?v=I5ERc8-f0mM&list=PLwygboCFkeeA2w1fzJm44swdG-NnyB6ip&index=416,J2ybTRzoMX,,,,
,,,https://www.youtube.com/watch?v=aU7drWehhfE&list=PLwygboCFkeeA2w1fzJm44swdG-NnyB6ip&index=417,K9BuGQ8lRm,,,,
,,,https://www.youtube.com/watch?v=qlRMx10BMc4&list=PLwygboCFkeeA2w1fzJm44swdG-NnyB6ip&index=418,j29YTfdNTw,,,,
,,,youtube.com/watch?v=l7eSO78-i78&list=PLwygboCFkeeA2w1fzJm44swdG-NnyB6ip&index=419,HQ3kHnMHCv,,,,
,,,https://www.youtube.com/watch?v=Y2VIvc2tlH0&list=PLwygboCFkeeA2w1fzJm44swdG-NnyB6ip&index=429,PZwUA2mKsu,,,,
,,,https://www.youtube.com/watch?v=8kkBXMrlJZ4&list=PLwygboCFkeeA2w1fzJm44swdG-NnyB6ip&index=441,4dMO5qEONc,,,,
,,,https://www.youtube.com/watch?v=o5pr9vOC5ok&list=PLwygboCFkeeA2w1fzJm44swdG-NnyB6ip&index=442,Syz5an6YHz,,,,
,,,https://www.youtube.com/watch?v=F-a5-PkbsuM&list=PLwygboCFkeeA2w1fzJm44swdG-NnyB6ip&index=444,RBcLmC6SWn,,,,
,,,https://www.youtube.com/watch?v=GLCMF6GhPRA&list=PLwygboCFkeeA2w1fzJm44swdG-NnyB6ip&index=447,9UF9tUo8eb,,,,
,,,https://www.youtube.com/watch?v=LXx2nwWt54M&list=PLwygboCFkeeA2w1fzJm44swdG-NnyB6ip&index=449,EaerchRcxd,,,,
,,,https://www.youtube.com/watch?v=0YohbfXgA-c&list=PLwygboCFkeeA2w1fzJm44swdG-NnyB6ip&index=452,a6uquDBd4B,,,,
,,,https://www.youtube.com/watch?v=wZgESjB2sMk&list=PLwygboCFkeeA2w1fzJm44swdG-NnyB6ip&index=455,kR90rGM09z,,,,
,,,https://www.youtube.com/watch?v=tihJ58_qiH0&list=PLwygboCFkeeA2w1fzJm44swdG-NnyB6ip&index=460,gidrFpuHkK,,,,
,,,https://www.youtube.com/watch?v=mhLbk5RyexQ&list=PLwygboCFkeeA2w1fzJm44swdG-NnyB6ip&index=461,feOf0isbGK,,,,
,,,youtube.com/watch?v=fa7wCF6JL1w&list=PLwygboCFkeeA2w1fzJm44swdG-NnyB6ip&index=462,yGVEHBrvMy,,,,
,,,https://www.youtube.com/watch?v=NNDif60zvjg&list=PLwygboCFkeeA2w1fzJm44swdG-NnyB6ip&index=463,z0s2krMZwt,,,,
,,,https://www.youtube.com/watch?v=CbiEV00Dhy0&list=PLwygboCFkeeA2w1fzJm44swdG-NnyB6ip&index=465,BgLfzulRFa,,,,
,,,https://www.youtube.com/watch?v=mGvdEFpwWsI&list=PLwygboCFkeeA2w1fzJm44swdG-NnyB6ip&index=466,IfsgdNUMpw,,,,
,,,https://www.youtube.com/watch?v=2hoKagQCY3I&list=PLwygboCFkeeA2w1fzJm44swdG-NnyB6ip&index=467,5u49kcfmQq,,,,
,,,https://www.youtube.com/watch?v=8DThsr2fxwk&list=PLwygboCFkeeA2w1fzJm44swdG-NnyB6ip&index=469,vIcYhQm7xn,,,,
,,,https://www.youtube.com/watch?v=jbW5ZjnlD5E&list=PLwygboCFkeeA2w1fzJm44swdG-NnyB6ip&index=470,gmk2kJ6ant,,,,
,,,https://www.youtube.com/watch?v=4UySgdAAEJA&list=PLwygboCFkeeA2w1fzJm44swdG-NnyB6ip&index=472,7HfRlaMFo9,,,,
,,,https://www.youtube.com/watch?v=ui_9qAoosls&list=PLwygboCFkeeA2w1fzJm44swdG-NnyB6ip&index=471,CRmKBralvL,,,,
,,,https://www.youtube.com/watch?v=XCvqJ0_SxUs&list=PLwygboCFkeeA2w1fzJm44swdG-NnyB6ip&index=468,OXHIrJYxLm,,,,
,,,https://www.youtube.com/watch?v=JqUREqYduHw&list=PLwygboCFkeeA2w1fzJm44swdG-NnyB6ip,PdcVs9BlMg,,,,
,,,https://www.youtube.com/watch?v=1pf1qjYpHlY&list=PLwygboCFkeeA2w1fzJm44swdG-NnyB6ip&index=2,kgw1Ptb8iX,,,,
,,,https://www.youtube.com/watch?v=eE6VVJ3hvv8&list=PLwygboCFkeeA2w1fzJm44swdG-NnyB6ip&index=4,bxQU65Yy80,,,,
,,,https://www.youtube.com/watch?v=NH-O4gTnsqs&list=PLwygboCFkeeA2w1fzJm44swdG-NnyB6ip&index=7,mQrGxp3Rc9,,,,
,,,https://www.youtube.com/watch?v=5BHJBR3_dv8&list=PLwygboCFkeeA2w1fzJm44swdG-NnyB6ip&index=8,80cjn9AJYw,,,,
,,,https://www.youtube.com/watch?v=rcm6kmLUggg&list=PLwygboCFkeeA2w1fzJm44swdG-NnyB6ip&index=10,xqZX20LAjL,,,,
,,,https://www.youtube.com/watch?v=TyElel0QjCI&list=PLwygboCFkeeA2w1fzJm44swdG-NnyB6ip&index=11,oAYXSuV2rg,,,,
,,,https://www.youtube.com/watch?v=RdlucAM3VFc&list=PLwygboCFkeeA2w1fzJm44swdG-NnyB6ip&index=12,uG5cpJWJja,,,,
,,,https://www.youtube.com/watch?v=BPXtn15_9qo&list=PLwygboCFkeeA2w1fzJm44swdG-NnyB6ip&index=13,updUBqJb8f,,,,
,,,https://www.youtube.com/watch?v=St7aTfoIdYQ&list=PLwygboCFkeeA2w1fzJm44swdG-NnyB6ip&index=14,bC9mvoYGsE,,,,
,,,https://www.youtube.com/watch?v=KGuCGd726RA&list=PLwygboCFkeeA2w1fzJm44swdG-NnyB6ip&index=15,LUxfWtxCn5,,,,
,,,https://www.youtube.com/watch?v=rHI9q1LaEnk&list=PLwygboCFkeeA2w1fzJm44swdG-NnyB6ip&index=19,xQJt0kjaj2,,,,
,,,https://www.youtube.com/watch?v=peC1JD9gEKc&list=PLwygboCFkeeA2w1fzJm44swdG-NnyB6ip&index=21,YQLAf9apCK,,,,
,,,https://www.youtube.com/watch?v=4qyZLflp-sI&list=PLwygboCFkeeA2w1fzJm44swdG-NnyB6ip&index=22,TWLOAOjzOc,,,,
,,,https://www.youtube.com/watch?v=ZGagR_8CJ1o&list=PLwygboCFkeeA2w1fzJm44swdG-NnyB6ip&index=23,skiCgGvxqT,,,,
,,,https://www.youtube.com/watch?v=5ka3YhVZgME&list=PLwygboCFkeeA2w1fzJm44swdG-NnyB6ip&index=24,j9wzNf9cM1,,,,
,,,https://www.youtube.com/watch?v=50kkmEoTMcY&list=PLwygboCFkeeA2w1fzJm44swdG-NnyB6ip&index=25,HDsdIEppI3,,,,
,,,https://www.youtube.com/watch?v=_S3IkQLiquY&list=PLwygboCFkeeA2w1fzJm44swdG-NnyB6ip&index=26,tCZJVkNfeC,,,,
,,,https://www.youtube.com/watch?v=_61JfVykpuU&list=PLwygboCFkeeA2w1fzJm44swdG-NnyB6ip&index=27,aBJzpO9lYa,,,,
,,,https://www.youtube.com/watch?v=5na96ht1Ys4&list=PLwygboCFkeeA2w1fzJm44swdG-NnyB6ip&index=28,h2BOe9hUaE,,,,
,,,https://www.youtube.com/watch?v=rVyP35EHCzY&list=PLwygboCFkeeA2w1fzJm44swdG-NnyB6ip&index=29,UKGM9fjQlE,,,,
,,,https://www.youtube.com/watch?v=GgLRWs8OyMs&list=PLwygboCFkeeA2w1fzJm44swdG-NnyB6ip&index=30,7PogYKJ47t,,,,
,,,https://www.youtube.com/watch?v=SOswzz5m6MQ&list=PLwygboCFkeeA2w1fzJm44swdG-NnyB6ip&index=31,dHuAYv0b9L,,,,
,,,https://www.youtube.com/watch?v=y7QcpQwxHrA&list=PLwygboCFkeeA2w1fzJm44swdG-NnyB6ip&index=32,gEszJAQ4HJ,,,,
,,,https://www.youtube.com/watch?v=rgVTrsjCySI&list=PLwygboCFkeeA2w1fzJm44swdG-NnyB6ip&index=33,8bNrFm6n0p,,,,
,,,https://www.youtube.com/watch?v=dZzh7O6nt28&list=PLwygboCFkeeA2w1fzJm44swdG-NnyB6ip&index=35,0ItLWUtW4L,,,,
,,,https://www.youtube.com/watch?v=ph1vpnYIxJk&list=PLwygboCFkeeA2w1fzJm44swdG-NnyB6ip&index=36,49PbSCEmEX,,,,
,,,https://www.youtube.com/watch?v=xdpGmiJ3JFs&list=PLwygboCFkeeA2w1fzJm44swdG-NnyB6ip&index=40,2fGp93kIG2,,,,
,,,https://www.youtube.com/watch?v=yMSc-qqW3To&list=PLwygboCFkeeA2w1fzJm44swdG-NnyB6ip&index=41,ORQea7t5g2,,,,
,,,https://www.youtube.com/watch?v=u0n4e9DN_DU&list=PLwygboCFkeeA2w1fzJm44swdG-NnyB6ip&index=42,Q2VyW8oTf5,,,,
,,,https://www.youtube.com/watch?v=9nmchjRTEtY&list=PLwygboCFkeeA2w1fzJm44swdG-NnyB6ip&index=43,xlOuk5hAjD,,,,
,,,https://www.youtube.com/watch?v=gdbRASr1dJw&list=PLwygboCFkeeA2w1fzJm44swdG-NnyB6ip&index=44,pPAHyAkVRs,,,,
,,,https://www.youtube.com/watch?v=38ozvar-PNw&list=PLwygboCFkeeA2w1fzJm44swdG-NnyB6ip&index=45,MKEi26vJ4q,,,,
,,,https://www.youtube.com/watch?v=tUPmbZqrC6I&list=PLwygboCFkeeA2w1fzJm44swdG-NnyB6ip&index=46,tWv4cQhBRv,,,,
,,,https://www.youtube.com/watch?v=7DVUvR_ic-M&list=PLwygboCFkeeA2w1fzJm44swdG-NnyB6ip&index=47,J3KX3JTe2I,,,,
,,,https://www.youtube.com/watch?v=S-5YSXJzdjI&list=PLwygboCFkeeA2w1fzJm44swdG-NnyB6ip&index=48,iRJxYkMgB6,,,,
,,,https://www.youtube.com/watch?v=kYgxeD0m_rI&list=PLwygboCFkeeA2w1fzJm44swdG-NnyB6ip&index=49,3KPczZIyU1,,,,
,,,https://www.youtube.com/watch?v=KGEekP1102g&list=PLwygboCFkeeA2w1fzJm44swdG-NnyB6ip&index=50,mFir5hfjCH,,,,
,,,https://www.youtube.com/watch?v=TqKynt04y9A&list=PLwygboCFkeeA2w1fzJm44swdG-NnyB6ip&index=51,g83cMvoGAb,,,,
,,,https://www.youtube.com/watch?v=1phWWCgzXgM&list=PLwygboCFkeeA2w1fzJm44swdG-NnyB6ip&index=52,52yRJsfeSb,,,,
,,,https://www.youtube.com/watch?v=kHGYQF2QHzA&list=PLwygboCFkeeA2w1fzJm44swdG-NnyB6ip&index=53,8eNmBoR2ey,,,,
,,,https://www.youtube.com/watch?v=d6bWbpQ2Hts&list=PLwygboCFkeeA2w1fzJm44swdG-NnyB6ip&index=54,LYXR5K18nM,,,,
,,,https://www.youtube.com/watch?v=hBnhSxlL9So&list=PLwygboCFkeeA2w1fzJm44swdG-NnyB6ip&index=55,EGScuwIMyZ,,,,
,,,https://www.youtube.com/watch?v=IVwL9F3lqSA&list=PLwygboCFkeeA2w1fzJm44swdG-NnyB6ip&index=57,10g0YkUd63,,,,
,,,https://www.youtube.com/watch?v=h1h8GqED1jA&list=PLwygboCFkeeA2w1fzJm44swdG-NnyB6ip&index=58,yxtEFAhVJX,,,,
,,,https://www.youtube.com/watch?v=PfBPe5Jfzxo&list=PLwygboCFkeeA2w1fzJm44swdG-NnyB6ip&index=59,zCDWO1A3nq,,,,
,,,https://www.youtube.com/watch?v=NyzxJMWxDeo&list=PLwygboCFkeeA2w1fzJm44swdG-NnyB6ip&index=60,l0TRMZB9sK,,,,
,,,https://www.youtube.com/watch?v=3finObLBYDI&list=PLwygboCFkeeA2w1fzJm44swdG-NnyB6ip&index=61,Zk84FpIHPN,,,,
,,,https://www.youtube.com/watch?v=UF3eIv2W99g&list=PLwygboCFkeeA2w1fzJm44swdG-NnyB6ip&index=63,OOA8F4sDDC,,,,
,,,https://www.youtube.com/watch?v=aEvudWsEbC4&list=PLwygboCFkeeA2w1fzJm44swdG-NnyB6ip&index=64,uIaaGA2HHV,,,,
,,,https://www.youtube.com/watch?v=y9TxxUZvkvc&list=PLwygboCFkeeA2w1fzJm44swdG-NnyB6ip&index=65,PJx0nBsh2G,,,,
,,,https://www.youtube.com/watch?v=5olLGCa8Dsk&list=PLwygboCFkeeA2w1fzJm44swdG-NnyB6ip&index=66,CrLtVASn51,,,,
,,,https://www.youtube.com/watch?v=gSY5W3XHy0k&list=PLwygboCFkeeA2w1fzJm44swdG-NnyB6ip&index=67,kOagoUgJC4,,,,
,,,https://www.youtube.com/watch?v=HDP7hAuBIeY&list=PLwygboCFkeeA2w1fzJm44swdG-NnyB6ip&index=68,rsj3gDtR2d,,,,
,,,https://www.youtube.com/watch?v=Uf6XmDa4ju0&list=PLwygboCFkeeA2w1fzJm44swdG-NnyB6ip&index=69,eaMWMCvcxM,,,,
,,,https://www.youtube.com/watch?v=TmM_Q-ymGIE&list=PLwygboCFkeeA2w1fzJm44swdG-NnyB6ip&index=70,WfltDY5qI1,,,,
,,,https://www.youtube.com/watch?v=DH0VmRsj05c&list=PLwygboCFkeeA2w1fzJm44swdG-NnyB6ip&index=71,dEKJw4L2i3,,,,
,,,https://www.youtube.com/watch?v=if91GyWP3zQ&list=PLwygboCFkeeA2w1fzJm44swdG-NnyB6ip&index=72,H25P4eGUnH,,,,
,,,https://www.youtube.com/watch?v=2V-9PMsPotk&list=PLwygboCFkeeA2w1fzJm44swdG-NnyB6ip&index=73,JVCL04kj68,,,,
,,,https://www.youtube.com/watch?v=J3xg6-S2bFU&list=PLwygboCFkeeA2w1fzJm44swdG-NnyB6ip&index=74,gGJUpercAW,,,,
,,,https://www.youtube.com/watch?v=fAsmOP7GDL8&list=PLwygboCFkeeA2w1fzJm44swdG-NnyB6ip&index=75,1j0fae9U1m,,,,
,,,https://www.youtube.com/watch?v=ko0WN9U9n98&list=PLwygboCFkeeA2w1fzJm44swdG-NnyB6ip&index=76,BkBtJbaLhs,,,,
,,,https://www.youtube.com/watch?v=-LVdmZniiDM&list=PLwygboCFkeeA2w1fzJm44swdG-NnyB6ip&index=77,7jLlAA0rOB,,,,
,,,https://www.youtube.com/watch?v=yfiKtb4wo2I&list=PLwygboCFkeeA2w1fzJm44swdG-NnyB6ip&index=78,bk1I8Fh3ys,,,,
,,,https://www.youtube.com/watch?v=PPep2IwVOmM&list=PLwygboCFkeeA2w1fzJm44swdG-NnyB6ip&index=79,s6q83FMua8,,,,
,,,https://www.youtube.com/watch?v=Fq68_K0YlIA&list=PLwygboCFkeeA2w1fzJm44swdG-NnyB6ip&index=81,pA4KR2mq6J,,,,
,,,https://www.youtube.com/watch?v=nz8LCgPM8vk&list=PLwygboCFkeeA2w1fzJm44swdG-NnyB6ip&index=82,zAktNrMNw2,,,,
,,,https://www.youtube.com/watch?v=mr-O8qqLqeM&list=PLwygboCFkeeA2w1fzJm44swdG-NnyB6ip&index=83,jauBvEMnVx,,,,
,,,https://www.youtube.com/watch?v=4FH438HhdLo&list=PLwygboCFkeeA2w1fzJm44swdG-NnyB6ip&index=86,GfhquNMxYp,,,,
,,,https://www.youtube.com/watch?v=zqlrvrKyohE&list=PLwygboCFkeeA2w1fzJm44swdG-NnyB6ip&index=87,S0dohXBVeY,,,,
,,,https://www.youtube.com/watch?v=F0GmYDgR0r0&list=PLwygboCFkeeA2w1fzJm44swdG-NnyB6ip&index=88,ByuMGK5XjL,,,,
,,,https://www.youtube.com/watch?v=qpWWnZZ5TR0&list=PLwygboCFkeeA2w1fzJm44swdG-NnyB6ip&index=89,AgP44xZp8M,,,,
,,,https://www.youtube.com/watch?v=Gwap5HPuqTE&list=PLwygboCFkeeA2w1fzJm44swdG-NnyB6ip&index=90,DMHct49XG2,,,,
,,,https://www.youtube.com/watch?v=NS7LnIVqHRo&list=PLwygboCFkeeA2w1fzJm44swdG-NnyB6ip&index=91,Kyoef0v3vg,,,,
,,,https://www.youtube.com/watch?v=bLwMoNhNyFg&list=PLwygboCFkeeA2w1fzJm44swdG-NnyB6ip&index=92,RruYap75yw,,,,
,,,https://www.youtube.com/watch?v=rRWLn17cUus&list=PLwygboCFkeeA2w1fzJm44swdG-NnyB6ip&index=93,aftOJAwqft,,,,
,,,https://www.youtube.com/watch?v=XqSH5idFREg&list=PLwygboCFkeeA2w1fzJm44swdG-NnyB6ip&index=94,ivgFcq3j8b,,,,
,,,https://www.youtube.com/watch?v=DWZkD3G7WEs&list=PLwygboCFkeeA2w1fzJm44swdG-NnyB6ip&index=95,3nGOb1ZI9Z,,,,
,,,https://www.youtube.com/watch?v=h3MfGF668KU&list=PLwygboCFkeeA2w1fzJm44swdG-NnyB6ip&index=96,3sKpIomEz2,,,,
,,,https://www.youtube.com/watch?v=Xo83-t5eS4s&list=PLwygboCFkeeA2w1fzJm44swdG-NnyB6ip&index=97,mmyOMXTJcD,,,,
,,,https://www.youtube.com/watch?v=Bl_4RK3tIvU&list=PLwygboCFkeeA2w1fzJm44swdG-NnyB6ip&index=98,BubG57oQEU,,,,
,,,https://www.youtube.com/watch?v=L2obWMdThDg&list=PLwygboCFkeeA2w1fzJm44swdG-NnyB6ip&index=99,sAQLysUyj6,,,,
,,,https://www.youtube.com/watch?v=fzPcoI9Vf8o&list=PLwygboCFkeeA2w1fzJm44swdG-NnyB6ip&index=100,jN4or0yBnq,,,,
,,,https://www.youtube.com/watch?v=4HnfnhDhdH0&list=PLwygboCFkeeA2w1fzJm44swdG-NnyB6ip&index=101,URh3uWLALt,,,,
,,,https://www.youtube.com/watch?v=Fegnalm7URQ&list=PLwygboCFkeeA2w1fzJm44swdG-NnyB6ip&index=102,XMEFkyDuPd,,,,
,,,https://www.youtube.com/watch?v=xh48dJYojmE&list=PLwygboCFkeeA2w1fzJm44swdG-NnyB6ip&index=103,BYhuybpagy,,,,
,,,https://www.youtube.com/watch?v=d66NPsy_MPg&list=PLwygboCFkeeA2w1fzJm44swdG-NnyB6ip&index=104,LjSQLl8zC8,,,,
,,,https://www.youtube.com/watch?v=GP_sJIw9D0s&list=PLwygboCFkeeA2w1fzJm44swdG-NnyB6ip&index=105,udZduhCCOP,,,,
,,,https://www.youtube.com/watch?v=_LAw6D5CWHo&list=PLwygboCFkeeA2w1fzJm44swdG-NnyB6ip&index=106,84YawNgUAx,,,,
,,,https://www.youtube.com/watch?v=thHgzWlveqs&list=PLwygboCFkeeA2w1fzJm44swdG-NnyB6ip&index=107,fU6X5UFZS0,,,,
,,,https://www.youtube.com/watch?v=pJ5cg83D5AE&list=PLwygboCFkeeA2w1fzJm44swdG-NnyB6ip&index=108,3Hcgx2r8XC,,,,
,,,https://www.youtube.com/watch?v=bEoNVd3spEM&list=PLwygboCFkeeA2w1fzJm44swdG-NnyB6ip&index=109,Y9BenDnmvz,,,,
,,,https://www.youtube.com/watch?v=mM93KAk4hy4&list=PLwygboCFkeeA2w1fzJm44swdG-NnyB6ip&index=110,nR9mmd4NQ9,,,,
,,,https://www.youtube.com/watch?v=V7L9xiKwq6U&list=PLwygboCFkeeA2w1fzJm44swdG-NnyB6ip&index=111,4z1Pqc30nk,,,,
,,,https://www.youtube.com/watch?v=zXqx56hlpd4&list=PLwygboCFkeeA2w1fzJm44swdG-NnyB6ip&index=113,NWJyjbmUDr,,,,
,,,https://www.youtube.com/watch?v=1FvwPEKgcsA&list=PLwygboCFkeeA2w1fzJm44swdG-NnyB6ip&index=114,BH3Npn2DNd,,,,
,,,https://www.youtube.com/watch?v=uqk1HU_GLVk&list=PLwygboCFkeeA2w1fzJm44swdG-NnyB6ip&index=115,8fK9O165xT,,,,
,,,https://www.youtube.com/watch?v=i5wt0y1l77M&list=PLwygboCFkeeA2w1fzJm44swdG-NnyB6ip&index=117,hfj4v7PTyD,,,,
,,,https://www.youtube.com/watch?v=UklD1Cxcox8&list=PLwygboCFkeeA2w1fzJm44swdG-NnyB6ip&index=118,F1nL73tFXD,,,,
,,,https://www.youtube.com/watch?v=bhsZoZ2bApc&list=PLwygboCFkeeA2w1fzJm44swdG-NnyB6ip&index=119,lMK8yiI1Yw,,,,
,,,https://www.youtube.com/watch?v=oXo6pgNsQlE&list=PLwygboCFkeeA2w1fzJm44swdG-NnyB6ip&index=120,h4pjyTL3uH,,,,
,,,https://www.youtube.com/watch?v=HM20tigbzpM&list=PLwygboCFkeeA2w1fzJm44swdG-NnyB6ip&index=121,k4fHQt5dyH,,,,
,,,https://www.youtube.com/watch?v=_XSypYRMFNI&list=PLwygboCFkeeA2w1fzJm44swdG-NnyB6ip&index=122,GQC6WvMU0B,,,,
,,,https://www.youtube.com/watch?v=Xn8TpqBJ-gY&list=PLwygboCFkeeA2w1fzJm44swdG-NnyB6ip&index=123,0pAgDsSKUh,,,,
,,,https://www.youtube.com/watch?v=Z5zJhFbnvNY&list=PLwygboCFkeeA2w1fzJm44swdG-NnyB6ip&index=124,YfnxyNafHr,,,,
,,,https://www.youtube.com/watch?v=hMYIc5ZPJL4&list=PLwygboCFkeeA2w1fzJm44swdG-NnyB6ip&index=126,iN2LHUZS92,,,,
,,,https://www.youtube.com/watch?v=NCfMPD5A6hQ&list=PLwygboCFkeeA2w1fzJm44swdG-NnyB6ip&index=129,nUEnpe30zZ,,,,
,,,https://www.youtube.com/watch?v=4tuCXvrMFdk&list=PLwygboCFkeeA2w1fzJm44swdG-NnyB6ip&index=130,FV74SFBkDg,,,,
,,,https://www.youtube.com/watch?v=VERs1qVZ0Xg&list=PLwygboCFkeeA2w1fzJm44swdG-NnyB6ip&index=131,iBgoXhoAHl,,,,
,,,https://www.youtube.com/watch?v=4FtrcTF4fN0&list=PLwygboCFkeeA2w1fzJm44swdG-NnyB6ip&index=132,YScFbH2Key,,,,
,,,https://www.youtube.com/watch?v=iGxFLjqhkSA&list=PLwygboCFkeeA2w1fzJm44swdG-NnyB6ip&index=133,omFWfXps0g,,,,
,,,https://www.youtube.com/watch?v=sesNhVIZGIs&list=PLwygboCFkeeA2w1fzJm44swdG-NnyB6ip&index=134,bAClEE5RsH,,,,
,,,https://www.youtube.com/watch?v=HXt8aBpQYHs&list=PLwygboCFkeeA2w1fzJm44swdG-NnyB6ip&index=135,85Gfv7Mwxj,,,,
,,,https://www.youtube.com/watch?v=sKQJEL-xjjc&list=PLwygboCFkeeA2w1fzJm44swdG-NnyB6ip&index=136,VRTrMXLXRg,,,,
,,,https://www.youtube.com/watch?v=2uznaTjvb7I&list=PLwygboCFkeeA2w1fzJm44swdG-NnyB6ip&index=137,Z8CmiReVdk,,,,
,,,https://www.youtube.com/watch?v=nS7FlgPNydc&list=PLwygboCFkeeA2w1fzJm44swdG-NnyB6ip&index=138,TFDooiHTf9,,,,
,,,https://www.youtube.com/watch?v=-HAi_5IIAYg&list=PLwygboCFkeeA2w1fzJm44swdG-NnyB6ip&index=139,IbUqSnCYq3,,,,
,,,https://www.youtube.com/watch?v=xhfnS0tgKwg&list=PLwygboCFkeeA2w1fzJm44swdG-NnyB6ip&index=140,ZRcWAK625b,,,,
,,,https://www.youtube.com/watch?v=LXWVYoBluT4&list=PLwygboCFkeeA2w1fzJm44swdG-NnyB6ip&index=141,g17fkcLgQU,,,,
,,,https://www.youtube.com/watch?v=sgMgm7eOsl4&list=PLwygboCFkeeA2w1fzJm44swdG-NnyB6ip&index=142,pE4frLeZMA,,,,
,,,https://www.youtube.com/watch?v=XWYGDljzTP0&list=PLwygboCFkeeA2w1fzJm44swdG-NnyB6ip&index=143,0VeMbYZIU6,,,,
,,,https://www.youtube.com/watch?v=Y_TLxje5Qw4&list=PLwygboCFkeeA2w1fzJm44swdG-NnyB6ip&index=145,ti7fBjDmSI,,,,
,,,https://www.youtube.com/watch?v=HmhIWVjE8ac&list=PLwygboCFkeeA2w1fzJm44swdG-NnyB6ip&index=146,21BFYQJS0X,,,,
,,,https://www.youtube.com/watch?v=9aCtqij5xGg&list=PLwygboCFkeeA2w1fzJm44swdG-NnyB6ip&index=147,IPUpTDUULK,,,,
,,,https://www.youtube.com/watch?v=cvYNX6OONW4&list=PLwygboCFkeeA2w1fzJm44swdG-NnyB6ip&index=148,HAG33DGKIU,,,,
,,,https://www.youtube.com/watch?v=x6dja6Iz4tI&list=PLwygboCFkeeA2w1fzJm44swdG-NnyB6ip&index=149,2ECV6gzAQ6,,,,
,,,https://www.youtube.com/watch?v=fLXR-blFdtc&list=PLwygboCFkeeA2w1fzJm44swdG-NnyB6ip&index=150,28Vfiu5IjO,,,,
,,,https://www.youtube.com/watch?v=KRkxvTAeFu4&list=PLwygboCFkeeA2w1fzJm44swdG-NnyB6ip&index=151,V25ihH0Vfm,,,,
,,,https://www.youtube.com/watch?v=MUS9EEtMV_c&list=PLwygboCFkeeA2w1fzJm44swdG-NnyB6ip&index=152,ip9oKU2fGV,,,,
,,,https://www.youtube.com/watch?v=WOn7m0_aYBw&list=PLwygboCFkeeA2w1fzJm44swdG-NnyB6ip&index=153,SeJnXgxUo6,,,,
,,,https://www.youtube.com/watch?v=SyKE9_Mtjv0&list=PLwygboCFkeeA2w1fzJm44swdG-NnyB6ip&index=154,JED9y8PRyq,,,,
,,,https://www.youtube.com/watch?v=YmzZg_V5_pM&list=PLwygboCFkeeA2w1fzJm44swdG-NnyB6ip&index=155,p1dlVDl84r,,,,
,,,https://www.youtube.com/watch?v=bm_-L6felME&list=PLwygboCFkeeA2w1fzJm44swdG-NnyB6ip&index=156,xSgTER72yA,,,,
,,,https://www.earthcam.com/usa/hawaii/kauai/?cam=kauai,tupvzJoKCk,,,,
,,,https://www.earthcam.com/usa/hawaii/kauai/koloa/?cam=koloa,vIW0UmB5Eu,,,,
,,,https://www.earthcam.com/usa/oklahoma/vinita/?cam=route66east,PNVTJ365ny,,,,
,,,https://www.earthcam.com/usa/oklahoma/vinita/?cam=route66west,T2mwekE0f7,,,,
,,,https://www.earthcam.com/usa/vermont/burlington/?cam=uvm,6wmhFWeMZo,,,,
,,,https://www.earthcam.com/cams/aruba/eaglebeach/?cam=bucuti1,5u2pcwV6jT,,,,
,,,https://www.earthcam.com/cams/aruba/eaglebeach/?cam=bucuti3,KnycenFNdW,,,,
,,,https://www.earthcam.com/world/aruba/beachresort/?cam=arubabeach,6I7CJXNXHB,,,,
,,,https://www.earthcam.com/world/aruba/druifbeach/?cam=casadelmar,rc6HHtY3gm,,,,
,,,https://www.earthcam.com/usa/newyork/indianlake/bluemountainlake/?cam=bluemountainlake,Qr1qLuOp0I,,,,
,,,https://www.earthcam.com/usa/newyork/timessquare/?cam=tstwo_hd,XY603S05de,,,,
,,,https://www.earthcam.com/usa/california/losangeles/hollywoodandvine/?cam=hollywoodandvine,1tFUsQKUS6,,,,
,,,https://www.earthcam.com/usa/california/sanfrancisco/?cam=sanfranciscoskyline,7ZS55KqPdF,,,,
,,,https://www.earthcam.com/usa/illinois/chicago/wrigleyfield/?cam=wrigleyfield_hd,9rkh62ArIL,,,,
,,,https://www.earthcam.com/usa/illinois/chicago/wrigleyville/?cam=wrigleyville,PXIMMS9sZA,,,,
,,,https://www.earthcam.com/world/jamaica/negril/?cam=rickscafe,j44mb8edMp,,,,
,,,https://www.earthcam.com/usa/louisiana/neworleans/bourbonstreet/?cam=catsmeow2,i126KZ1l3J,,,,
,,,https://www.earthcam.com/usa/louisiana/neworleans/bourbonstreet/?cam=bourbonstreet,3XWZJ7pEhq,,,,
,,,https://www.earthcam.com/usa/dc/?cam=dc_kennedycenter,nRzNIQ9lqy,,,,
,,,https://www.earthcam.com/usa/washington/seattle/?cam=seattlespaceneedle,yZ5luwaY0T,,,,
,,,https://www.earthcam.com/usa/washington/seattle/?cam=seattledowntown,jHIvxHCKPL,,,,
,,,,,,,,
,,,,,,,,
"train station, in york",,,https://youtu.be/O9JmP0Zwz1s,,,,,
missouri,,,https://youtu.be/AAQUGsUzWbE,,,,,
Arizona,,,https://youtu.be/XnotRrW1udI,,,,,
Mobile camera moves on train through multiple stations,,,https://youtu.be/Pnr2kbRZrsE,,,,,
,,,https://youtu.be/AAQUGsUzWbE,,,,,
"san jose, california station",,,https://youtu.be/zXqx56hlpd4,,,,,
Jackson Hole,USA,,https://www.youtube.com/watch?v=L6vwrxDc3TA,,,,,
Jackson Hole,USA,,https://www.youtube.com/watch?v=g7fWaol3P1g,,,,,